symbol,identifier,series,open,dayHigh,dayLow,lastPrice,previousClose,change,pChange,totalTradedVolume,totalTradedValue,lastUpdateTime,yearHigh,yearLow,nearWKH,nearWKL,perChange365d,date365dAgo,chart365dPath,date30dAgo,perChange30d,chart30dPath,chartTodayPath,meta
ONGC,,EQ,266.45,270.49,265.75,269.35,263.49,5.86,2.22,24962663,6703723148.65,19-NOV-2024,345,209.7,21.92753623188405,-28.445398187887477,20.89,08-Jan-2024,https://nsearchives.nseindia.com/365d/ONGC-EQ.svg,06-Dec-2024,1.32,https://nsearchives.nseindia.com/30d/ONGC-EQ.svg,https://nsearchives.nseindia.com/today/ONGCEQN.svg,
RELIANCE,,EQ,1249,1271.05,1245.35,1266.9,1240.85,26.05,2.1,13338352,16829532252.48,28-OCT-2024,1608.8,1201.5,21.251864743908495,-5.443196004993766,-52.04,08-Jan-2024,https://nsearchives.nseindia.com/365d/RELIANCE-EQ.svg,06-Dec-2024,-5.39,https://nsearchives.nseindia.com/30d/RELIANCE-EQ.svg,https://nsearchives.nseindia.com/today/RELIANCEEQN.svg,
OIL,,EQ,475.3,485,473.65,482.5,474.35,8.15,1.72,3373568,1617963212.8,14-NOV-2024,767.9,241.6,37.16629769501237,-99.71026490066225,26.78,08-Jan-2024,https://nsearchives.nseindia.com/365d/OIL-EQ.svg,06-Dec-2024,-0.12,https://nsearchives.nseindia.com/30d/OIL-EQ.svg,https://nsearchives.nseindia.com/today/OILEQN.svg,
DRREDDY,,EQ,1369.5,1405.9,1358,1374.3,1351.55,22.75,1.68,2679745,3709437016.25,28-OCT-2024,1421.49,1104.13,3.3197560306439056,-24.469038971860183,-76.54,08-Jan-2024,https://nsearchives.nseindia.com/365d/DRREDDY-EQ.svg,06-Dec-2024,7.8,https://nsearchives.nseindia.com/30d/DRREDDY-EQ.svg,https://nsearchives.nseindia.com/today/DRREDDYEQN.svg,
LTF,,EQ,139.36,141.84,137.45,141.69,139.36,2.33,1.67,3354880,469649651.2,31-DEC-2999,194.25,134.1,27.057915057915057,-5.659955257270696,-,-,-,06-Dec-2024,-6.35,https://nsearchives.nseindia.com/30d/LTF-EQ.svg,https://nsearchives.nseindia.com/today/LTFEQN.svg,
GAIL,,EQ,187,190.6,186.99,188.64,186.06,2.58,1.39,8521099,1611765875.85,31-DEC-2999,246.3,155.75,23.41047503045068,-21.11717495987158,15.78,08-Jan-2024,https://nsearchives.nseindia.com/365d/GAIL-EQ.svg,06-Dec-2024,-11.57,https://nsearchives.nseindia.com/30d/GAIL-EQ.svg,https://nsearchives.nseindia.com/today/GAILEQN.svg,
SRF,,EQ,2298.1,2347.65,2298.1,2340.6,2308.45,32.15,1.39,644073,1498577530.56,31-DEC-2999,2693.95,2089.1,13.11642755062269,-12.038676942223924,-3.64,08-Jan-2024,https://nsearchives.nseindia.com/365d/SRF-EQ.svg,06-Dec-2024,0.6,https://nsearchives.nseindia.com/30d/SRF-EQ.svg,https://nsearchives.nseindia.com/today/SRFEQN.svg,
COLPAL,,EQ,2745.45,2784,2723.2,2781.35,2745.45,35.9,1.31,384340,1062015974.8,04-NOV-2024,3890,2378.9,28.500000000000004,-16.917482870234135,9.79,08-Jan-2024,https://nsearchives.nseindia.com/365d/COLPAL-EQ.svg,06-Dec-2024,-4.9,https://nsearchives.nseindia.com/30d/COLPAL-EQ.svg,https://nsearchives.nseindia.com/today/COLPALEQN.svg,
BERGEPAINT,,EQ,452,458.4,449.1,456.7,451.25,5.45,1.21,675519,307428696.9,31-DEC-2999,629.5,437.75,27.450357426528992,-4.328954882924041,-22.04,08-Jan-2024,https://nsearchives.nseindia.com/365d/BERGEPAINT-EQ.svg,06-Dec-2024,-6.08,https://nsearchives.nseindia.com/30d/BERGEPAINT-EQ.svg,https://nsearchives.nseindia.com/today/BERGEPAINTEQN.svg,
PIIND,,EQ,3616.2,3652.85,3574.3,3628.95,3592.85,36.1,1.0,286673,1038547477.48,31-DEC-2999,4804.05,3220,24.46061135916571,-12.700310559006207,5.51,08-Jan-2024,https://nsearchives.nseindia.com/365d/PIIND-EQ.svg,06-Dec-2024,-13.2,https://nsearchives.nseindia.com/30d/PIIND-EQ.svg,https://nsearchives.nseindia.com/today/PIINDEQN.svg,
BPCL,,EQ,282.8,286.9,280.5,285.25,282.8,2.45,0.87,3755478,1067494621.5,31-DEC-2999,376,222.55,24.13563829787234,-28.173444169849468,-37.85,08-Jan-2024,https://nsearchives.nseindia.com/365d/BPCL-EQ.svg,06-Dec-2024,-5.84,https://nsearchives.nseindia.com/30d/BPCL-EQ.svg,https://nsearchives.nseindia.com/today/BPCLEQN.svg,
TATACOMM,,EQ,1686.95,1714.6,1659.25,1699.55,1686.45,13.1,0.78,463090,785335807.4,31-DEC-2999,2175,1585.55,21.85977011494253,-7.189934092270821,-1.91,08-Jan-2024,https://nsearchives.nseindia.com/365d/TATACOMM-EQ.svg,06-Dec-2024,-5.68,https://nsearchives.nseindia.com/30d/TATACOMM-EQ.svg,https://nsearchives.nseindia.com/today/TATACOMMEQN.svg,
POONAWALLA,,EQ,316,324.75,315.95,319,316.6,2.4,0.76,6319762,2020427911.4,31-DEC-2999,519.7,270.05,38.618433711756786,-18.12627291242362,-31.07,08-Jan-2024,https://nsearchives.nseindia.com/365d/POONAWALLA-EQ.svg,06-Dec-2024,-10.39,https://nsearchives.nseindia.com/30d/POONAWALLA-EQ.svg,https://nsearchives.nseindia.com/today/POONAWALLAEQN.svg,
ITC,,EQ,443,446.45,437.1,444.45,441.1,3.35,0.76,6993741,3085988216.25,06-JAN-2025,528.5,399.35,15.9035004730369,-11.293351696506814,-5.24,08-Jan-2024,https://nsearchives.nseindia.com/365d/ITC-EQ.svg,06-Dec-2024,-6.38,https://nsearchives.nseindia.com/30d/ITC-EQ.svg,https://nsearchives.nseindia.com/today/ITCEQN.svg,
DABUR,,EQ,509.8,514,505.3,512.35,508.85,3.5,0.69,996776,508764438.16,08-NOV-2024,672,489.2,23.757440476190474,-4.732215862632877,-8.03,08-Jan-2024,https://nsearchives.nseindia.com/365d/DABUR-EQ.svg,06-Dec-2024,-2.85,https://nsearchives.nseindia.com/30d/DABUR-EQ.svg,https://nsearchives.nseindia.com/today/DABUREQN.svg,
HINDPETRO,,EQ,386.5,391.8,381.7,388.75,386.2,2.55,0.66,2455068,953425657.8,31-DEC-2999,457.15,277.67,14.962266214590393,-40.00432167681059,-10.06,08-Jan-2024,https://nsearchives.nseindia.com/365d/HINDPETRO-EQ.svg,06-Dec-2024,-3.26,https://nsearchives.nseindia.com/30d/HINDPETRO-EQ.svg,https://nsearchives.nseindia.com/today/HINDPETROEQN.svg,
BALKRISIND,,EQ,2738.15,2771.15,2641.95,2756.3,2738.55,17.75,0.65,132842,364886420.34,31-OCT-2024,3375,2193.8,18.331851851851848,-25.64044124350442,7.61,08-Jan-2024,https://nsearchives.nseindia.com/365d/BALKRISIND-EQ.svg,06-Dec-2024,-2.43,https://nsearchives.nseindia.com/30d/BALKRISIND-EQ.svg,https://nsearchives.nseindia.com/today/BALKRISINDEQN.svg,
LTIM,,EQ,5750,5799,5661.5,5788,5756.95,31.05,0.54,133305,765334665.15,25-OCT-2024,6767.95,4513.55,14.479273635295767,-28.23608910945929,-1.52,08-Jan-2024,https://nsearchives.nseindia.com/365d/LTIM-EQ.svg,06-Dec-2024,-9.75,https://nsearchives.nseindia.com/30d/LTIM-EQ.svg,https://nsearchives.nseindia.com/today/LTIMEQN.svg,
TCS,,EQ,4034.9,4052.4,4017.75,4050,4028.3,21.7,0.54,1224047,4936385703.48,18-OCT-2024,4592.25,3591.5,11.807937285644291,-12.766253654461924,9.52,08-Jan-2024,https://nsearchives.nseindia.com/365d/TCS-EQ.svg,06-Dec-2024,-9.38,https://nsearchives.nseindia.com/30d/TCS-EQ.svg,https://nsearchives.nseindia.com/today/TCSEQN.svg,
MARUTI,,EQ,11726,11826.95,11725.3,11781.35,11721.3,60.05,0.51,147487,1736508988.26,31-DEC-2999,13680,9737.65,13.879020467836256,-20.98760994695846,17.84,08-Jan-2024,https://nsearchives.nseindia.com/365d/MARUTI-EQ.svg,06-Dec-2024,3.56,https://nsearchives.nseindia.com/30d/MARUTI-EQ.svg,https://nsearchives.nseindia.com/today/MARUTIEQN.svg,
DALBHARAT,,EQ,1804,1848,1796,1807.8,1799.25,8.55,0.48,181841,330419644.28,25-OCT-2024,2405,1651.4,24.831600831600834,-9.47075208913648,-22.79,08-Jan-2024,https://nsearchives.nseindia.com/365d/DALBHARAT-EQ.svg,06-Dec-2024,-6.58,https://nsearchives.nseindia.com/30d/DALBHARAT-EQ.svg,https://nsearchives.nseindia.com/today/DALBHARATEQN.svg,
HINDUNILVR,,EQ,2391,2400,2368,2399.4,2390.8,8.6,0.36,466089,1112666304.36,06-NOV-2024,3035,2172.05,20.942339373970345,-10.467070279229295,-7.27,08-Jan-2024,https://nsearchives.nseindia.com/365d/HINDUNILVR-EQ.svg,06-Dec-2024,-3.74,https://nsearchives.nseindia.com/30d/HINDUNILVR-EQ.svg,https://nsearchives.nseindia.com/today/HINDUNILVREQN.svg,
DMART,,EQ,3857,3859.55,3761.8,3840.6,3830.3,10.3,0.27,583710,2222143110.3,31-DEC-2999,5484.85,3399,29.97803039280929,-12.992056487202117,0.68,08-Jan-2024,https://nsearchives.nseindia.com/365d/DMART-EQ.svg,06-Dec-2024,0.65,https://nsearchives.nseindia.com/30d/DMART-EQ.svg,https://nsearchives.nseindia.com/today/DMARTEQN.svg,
ASIANPAINT,,EQ,2287.05,2304.85,2272.7,2298.25,2292.6,5.65,0.25,754153,1728194390.21,19-NOV-2024,3394.9,2256.5,32.30286606380159,-1.8502105029913583,-30.49,08-Jan-2024,https://nsearchives.nseindia.com/365d/ASIANPAINT-EQ.svg,06-Dec-2024,-5.64,https://nsearchives.nseindia.com/30d/ASIANPAINT-EQ.svg,https://nsearchives.nseindia.com/today/ASIANPAINTEQN.svg,
BAJAJFINSV,,EQ,1681,1707.15,1668.55,1685.75,1682.75,3.0,0.18,921909,1557768075.48,31-DEC-2999,2029.9,1419.05,16.954037144686932,-18.794263768013817,-0.8,08-Jan-2024,https://nsearchives.nseindia.com/365d/BAJAJFINSV-EQ.svg,06-Dec-2024,2.91,https://nsearchives.nseindia.com/30d/BAJAJFINSV-EQ.svg,https://nsearchives.nseindia.com/today/BAJAJFINSVEQN.svg,
SHREECEM,,EQ,26130,26249.95,25798.55,26045,26003.9,41.1,0.16,8383,218426442.04,31-DEC-2999,30737.75,23500,15.267057608315508,-10.829787234042554,-4.85,08-Jan-2024,https://nsearchives.nseindia.com/365d/SHREECEM-EQ.svg,06-Dec-2024,-3.96,https://nsearchives.nseindia.com/30d/SHREECEM-EQ.svg,https://nsearchives.nseindia.com/today/SHREECEMEQN.svg,
SUPREMEIND,,EQ,4522.5,4564.4,4440,4535.6,4529.7,5.9,0.13,102121,460489119.25,30-OCT-2024,6460,3601,29.78947368421052,-25.953901693973904,3.8,08-Jan-2024,https://nsearchives.nseindia.com/365d/SUPREMEIND-EQ.svg,06-Dec-2024,-4.4,https://nsearchives.nseindia.com/30d/SUPREMEIND-EQ.svg,https://nsearchives.nseindia.com/today/SUPREMEINDEQN.svg,
MGL,,EQ,1236.1,1272.9,1230.45,1246.55,1244.9,1.65,0.13,499472,624979324.16,31-DEC-2999,1988,1075.25,37.29627766599597,-15.93117879562892,3.47,08-Jan-2024,https://nsearchives.nseindia.com/365d/MGL-EQ.svg,06-Dec-2024,-3.08,https://nsearchives.nseindia.com/30d/MGL-EQ.svg,https://nsearchives.nseindia.com/today/MGLEQN.svg,
PETRONET,,EQ,331.9,337.3,330.35,330.7,330.45,0.25,0.08,2725134,911557323.0,08-NOV-2024,384.2,225.05,13.925039042165539,-46.94512330593201,46.15,08-Jan-2024,https://nsearchives.nseindia.com/365d/PETRONET-EQ.svg,06-Dec-2024,-1.61,https://nsearchives.nseindia.com/30d/PETRONET-EQ.svg,https://nsearchives.nseindia.com/today/PETRONETEQN.svg,
AMBUJACEM,,EQ,537,538.3,530.25,535.95,535.75,0.2,0.04,963373,514701292.71,31-DEC-2999,706.95,453.05,24.1884150222788,-18.298201081558336,1.05,08-Jan-2024,https://nsearchives.nseindia.com/365d/AMBUJACEM-EQ.svg,06-Dec-2024,-5.23,https://nsearchives.nseindia.com/30d/AMBUJACEM-EQ.svg,https://nsearchives.nseindia.com/today/AMBUJACEMEQN.svg,
POWERGRID,,EQ,306.15,307.5,303,305.05,305.05,0.0,0.0,4425252,1348108769.28,14-NOV-2024,366.25,226.05,16.709897610921498,-34.9480203494802,25.87,08-Jan-2024,https://nsearchives.nseindia.com/365d/POWERGRID-EQ.svg,06-Dec-2024,-7.25,https://nsearchives.nseindia.com/30d/POWERGRID-EQ.svg,https://nsearchives.nseindia.com/today/POWERGRIDEQN.svg,
TATACONSUM,,EQ,955,960,945.45,954.4,955,-0.6,-0.06,855054,814678350.12,31-DEC-2999,1256.44,882.9,24.039349272547838,-8.098312379657946,-13.57,08-Jan-2024,https://nsearchives.nseindia.com/365d/TATACONSUM-EQ.svg,06-Dec-2024,-2,https://nsearchives.nseindia.com/30d/TATACONSUM-EQ.svg,https://nsearchives.nseindia.com/today/TATACONSUMEQN.svg,
HDFCLIFE,,EQ,620.05,623.25,615.1,618.95,619.85,-0.9,-0.15,1071991,663465949.81,31-DEC-2999,761.2,511.4,18.68759852863899,-21.030504497457972,-4.03,08-Jan-2024,https://nsearchives.nseindia.com/365d/HDFCLIFE-EQ.svg,06-Dec-2024,-2.62,https://nsearchives.nseindia.com/30d/HDFCLIFE-EQ.svg,https://nsearchives.nseindia.com/today/HDFCLIFEEQN.svg,
EICHERMOT,,EQ,5212.2,5237.85,5134.3,5169.65,5177.3,-7.65,-0.15,192922,998043382.6,31-DEC-2999,5385.7,3562.45,4.011549102252264,-45.11501915816362,33.29,08-Jan-2024,https://nsearchives.nseindia.com/365d/EICHERMOT-EQ.svg,06-Dec-2024,6.16,https://nsearchives.nseindia.com/30d/EICHERMOT-EQ.svg,https://nsearchives.nseindia.com/today/EICHERMOTEQN.svg,
MAXHEALTH,,EQ,1220.1,1227.95,1190.05,1196.35,1198.35,-2.0,-0.17,1920145,2330633598.1,31-DEC-2999,1227.95,694.8,2.5733946821939115,-72.18624064478986,70.11,08-Jan-2024,https://nsearchives.nseindia.com/365d/MAXHEALTH-EQ.svg,06-Dec-2024,9.32,https://nsearchives.nseindia.com/30d/MAXHEALTH-EQ.svg,https://nsearchives.nseindia.com/today/MAXHEALTHEQN.svg,
NESTLEIND,,EQ,2223,2224.95,2194.55,2208.5,2212.65,-4.15,-0.19,213070,470292365.4,31-DEC-2999,2778,2145.4,20.500359971202304,-2.941176470588231,-15.53,08-Jan-2024,https://nsearchives.nseindia.com/365d/NESTLEIND-EQ.svg,06-Dec-2024,-2.43,https://nsearchives.nseindia.com/30d/NESTLEIND-EQ.svg,https://nsearchives.nseindia.com/today/NESTLEINDEQN.svg,
UBL,,EQ,2080,2084.25,2060,2070.4,2075.35,-4.95,-0.24,159974,331027799.24,31-DEC-2999,2204.9,1647.25,6.1000498888838495,-25.68826832599788,11.41,08-Jan-2024,https://nsearchives.nseindia.com/365d/UBL-EQ.svg,06-Dec-2024,5.43,https://nsearchives.nseindia.com/30d/UBL-EQ.svg,https://nsearchives.nseindia.com/today/UBLEQN.svg,
COALINDIA,,EQ,380.05,380.85,376,378.85,379.8,-0.95,-0.25,4660904,1760936140.24,05-NOV-2024,543.55,368,30.300800294361135,-2.9483695652173973,-0.16,08-Jan-2024,https://nsearchives.nseindia.com/365d/COALINDIA-EQ.svg,06-Dec-2024,-8.95,https://nsearchives.nseindia.com/30d/COALINDIA-EQ.svg,https://nsearchives.nseindia.com/today/COALINDIAEQN.svg,
SUNTV,,EQ,666.95,672.2,660.1,664.3,666.05,-1.75,-0.26,90391,60129901.02,26-NOV-2024,921,567.6,27.871878393051034,-17.036645525017605,-7.48,08-Jan-2024,https://nsearchives.nseindia.com/365d/SUNTV-EQ.svg,06-Dec-2024,-13.03,https://nsearchives.nseindia.com/30d/SUNTV-EQ.svg,https://nsearchives.nseindia.com/today/SUNTVEQN.svg,
OBEROIRLTY,,EQ,2295,2297.8,2227.55,2262.1,2268.4,-6.3,-0.28,1098677,2473572384.57,04-NOV-2024,2343.65,1268.15,3.479615130245565,-78.37795213499979,52.18,08-Jan-2024,https://nsearchives.nseindia.com/365d/OBEROIRLTY-EQ.svg,06-Dec-2024,5.84,https://nsearchives.nseindia.com/30d/OBEROIRLTY-EQ.svg,https://nsearchives.nseindia.com/today/OBEROIRLTYEQN.svg,
BHARTIARTL,,EQ,1598.75,1599.9,1577.85,1585.9,1590.85,-4.95,-0.31,2213796,3510681972.72,31-DEC-2999,1779,1045.25,10.854412591343447,-51.724467830662526,51.65,08-Jan-2024,https://nsearchives.nseindia.com/365d/BHARTIARTL-EQ.svg,06-Dec-2024,-0.44,https://nsearchives.nseindia.com/30d/BHARTIARTL-EQ.svg,https://nsearchives.nseindia.com/today/BHARTIARTLEQN.svg,
INDIAMART,,EQ,2301,2316,2272.75,2286.2,2293.55,-7.35,-0.32,184929,424828145.25,31-DEC-2999,3198.4,2165.55,28.520510255127572,-5.571332917734507,-14.24,08-Jan-2024,https://nsearchives.nseindia.com/365d/INDIAMART-EQ.svg,06-Dec-2024,-2.73,https://nsearchives.nseindia.com/30d/INDIAMART-EQ.svg,https://nsearchives.nseindia.com/today/INDIAMARTEQN.svg,
LODHA,,EQ,1359,1359,1326.7,1336.35,1340.75,-4.4,-0.33,571341,766213988.28,31-DEC-2999,1649.95,977.35,19.006636564744394,-36.73197933186677,19.31,08-Jan-2024,https://nsearchives.nseindia.com/365d/LODHA-EQ.svg,06-Dec-2024,-2.23,https://nsearchives.nseindia.com/30d/LODHA-EQ.svg,https://nsearchives.nseindia.com/today/LODHAEQN.svg,
CIPLA,,EQ,1504.9,1513,1491.85,1492.4,1497.45,-5.05,-0.34,851133,1276614386.7,31-DEC-2999,1702.05,1266.2,12.317499485914036,-17.864476386036962,17.75,08-Jan-2024,https://nsearchives.nseindia.com/365d/CIPLA-EQ.svg,06-Dec-2024,1.36,https://nsearchives.nseindia.com/30d/CIPLA-EQ.svg,https://nsearchives.nseindia.com/today/CIPLAEQN.svg,
BRITANNIA,,EQ,4850,4850,4760.15,4814.85,4832.25,-17.4,-0.36,234598,1124951367.54,31-DEC-2999,6469.9,4641,25.580766317871984,-3.7459599224305187,-6.67,08-Jan-2024,https://nsearchives.nseindia.com/365d/BRITANNIA-EQ.svg,06-Dec-2024,-0.79,https://nsearchives.nseindia.com/30d/BRITANNIA-EQ.svg,https://nsearchives.nseindia.com/today/BRITANNIAEQN.svg,
HCLTECH,,EQ,1906.3,1919,1894.55,1908.8,1915.9,-7.1,-0.37,1293073,2463420441.57,22-OCT-2024,1992.1,1235,4.181516992118868,-54.558704453441294,32.32,08-Jan-2024,https://nsearchives.nseindia.com/365d/HCLTECH-EQ.svg,06-Dec-2024,-0.35,https://nsearchives.nseindia.com/30d/HCLTECH-EQ.svg,https://nsearchives.nseindia.com/today/HCLTECHEQN.svg,
KOTAKBANK,,EQ,1780.1,1784.7,1762.45,1765.45,1772.05,-6.6,-0.37,2635660,4671786419.8,31-DEC-2999,1942,1543.85,9.091143151390318,-14.353726074424339,-2.96,08-Jan-2024,https://nsearchives.nseindia.com/365d/KOTAKBANK-EQ.svg,06-Dec-2024,-0.28,https://nsearchives.nseindia.com/30d/KOTAKBANK-EQ.svg,https://nsearchives.nseindia.com/today/KOTAKBANKEQN.svg,
BSE,,EQ,5392,5398,5257,5368,5388.3,-20.3,-0.38,845320,4507491382.8,31-DEC-2999,5837.95,1941.05,8.049914781729886,-176.55135107287293,136.84,08-Jan-2024,https://nsearchives.nseindia.com/365d/BSE-EQ.svg,06-Dec-2024,-0.15,https://nsearchives.nseindia.com/30d/BSE-EQ.svg,https://nsearchives.nseindia.com/today/BSEEQN.svg,
GNFC,,EQ,554.45,556.5,544.1,552.25,554.45,-2.2,-0.4,343701,189320821.83,31-DEC-2999,791.3,524,30.20978137242512,-5.391221374045801,-25.18,08-Jan-2024,https://nsearchives.nseindia.com/365d/GNFC-EQ.svg,06-Dec-2024,-12.92,https://nsearchives.nseindia.com/30d/GNFC-EQ.svg,https://nsearchives.nseindia.com/today/GNFCEQN.svg,
ACC,,EQ,2035,2038.8,2004.15,2010.6,2018.75,-8.15,-0.4,87978,177507931.92,31-DEC-2999,2844,1868.2,29.303797468354436,-7.622310245155757,-14.27,08-Jan-2024,https://nsearchives.nseindia.com/365d/ACC-EQ.svg,06-Dec-2024,-10.61,https://nsearchives.nseindia.com/30d/ACC-EQ.svg,https://nsearchives.nseindia.com/today/ACCEQN.svg,
NMDC,,EQ,65.97,66,64.81,65.68,65.97,-0.29,-0.44,17488142,1141800791.18,27-DEC-2024,95.45,63.45,31.189104243059187,-3.5145784081954354,-69.34,08-Jan-2024,https://nsearchives.nseindia.com/365d/NMDC-EQ.svg,06-Dec-2024,-72.36,https://nsearchives.nseindia.com/30d/NMDC-EQ.svg,https://nsearchives.nseindia.com/today/NMDCEQN.svg,
CROMPTON,,EQ,370,375.35,366,366.65,368.45,-1.8,-0.49,832529,307736019.56,31-DEC-2999,484,261.25,24.245867768595044,-40.3444976076555,17.58,08-Jan-2024,https://nsearchives.nseindia.com/365d/CROMPTON-EQ.svg,06-Dec-2024,-9.29,https://nsearchives.nseindia.com/30d/CROMPTON-EQ.svg,https://nsearchives.nseindia.com/today/CROMPTONEQN.svg,
BOSCHLTD,,EQ,33049.9,33072,32590.05,32794.8,32959.7,-164.9,-0.5,9130,299193021.6,31-DEC-2999,39088.8,22315.2,16.101798980782217,-46.96171219617123,46.7,08-Jan-2024,https://nsearchives.nseindia.com/365d/BOSCHLTD-EQ.svg,06-Dec-2024,-9.09,https://nsearchives.nseindia.com/30d/BOSCHLTD-EQ.svg,https://nsearchives.nseindia.com/today/BOSCHLTDEQN.svg,
CONCOR,,EQ,755.5,756,745.2,750.35,754.25,-3.9,-0.52,720769,540050588.63,14-NOV-2024,1180,745.2,36.41101694915254,-0.6910896403649995,-13.38,08-Jan-2024,https://nsearchives.nseindia.com/365d/CONCOR-EQ.svg,06-Dec-2024,-10.53,https://nsearchives.nseindia.com/30d/CONCOR-EQ.svg,https://nsearchives.nseindia.com/today/CONCOREQN.svg,
GODREJCP,,EQ,1153,1154.6,1135.65,1147.4,1153.8,-6.4,-0.55,587349,672220930.5,31-OCT-2024,1541.85,1055.05,25.582903654700512,-8.753139661627426,-1.84,08-Jan-2024,https://nsearchives.nseindia.com/365d/GODREJCP-EQ.svg,06-Dec-2024,-6.61,https://nsearchives.nseindia.com/30d/GODREJCP-EQ.svg,https://nsearchives.nseindia.com/today/GODREJCPEQN.svg,
M&MFIN,,EQ,276.1,278.1,270.75,275.6,277.15,-1.55,-0.56,1967611,541722660.52,31-DEC-2999,343,246.2,19.650145772594747,-11.94151096669376,0.56,08-Jan-2024,https://nsearchives.nseindia.com/365d/M&MFIN-EQ.svg,06-Dec-2024,-0.31,https://nsearchives.nseindia.com/30d/M&MFIN-EQ.svg,https://nsearchives.nseindia.com/today/M&MFINEQN.svg,
IOC,,EQ,134.15,135.38,133.09,133.55,134.33,-0.78,-0.58,8804433,1180058154.99,31-DEC-2999,196.8,128.5,32.139227642276424,-3.929961089494172,1.27,08-Jan-2024,https://nsearchives.nseindia.com/365d/IOC-EQ.svg,06-Dec-2024,-5.37,https://nsearchives.nseindia.com/30d/IOC-EQ.svg,https://nsearchives.nseindia.com/today/IOCEQN.svg,
TIINDIA,,EQ,3504.9,3508,3425,3453.4,3473.7,-20.3,-0.58,134659,464942515.66,31-DEC-2999,4810.8,3334.3,28.21568138355367,-3.5719641304021805,-7.86,08-Jan-2024,https://nsearchives.nseindia.com/365d/TIINDIA-EQ.svg,06-Dec-2024,-5.61,https://nsearchives.nseindia.com/30d/TIINDIA-EQ.svg,https://nsearchives.nseindia.com/today/TIINDIAEQN.svg,
LTTS,,EQ,4872.35,4884.95,4812,4845.9,4876.75,-30.85,-0.63,37480,181366469.6,25-OCT-2024,6000,4200,19.235000000000007,-15.37857142857142,-5.46,08-Jan-2024,https://nsearchives.nseindia.com/365d/LTTS-EQ.svg,06-Dec-2024,-8.31,https://nsearchives.nseindia.com/30d/LTTS-EQ.svg,https://nsearchives.nseindia.com/today/LTTSEQN.svg,
BANKBARODA,,EQ,232.51,233.48,229.91,231,232.46,-1.46,-0.63,5351539,1238239093.82,31-DEC-2999,299.7,219.45,22.922922922922922,-5.263157894736848,4.03,08-Jan-2024,https://nsearchives.nseindia.com/365d/BANKBARODA-EQ.svg,06-Dec-2024,-12.15,https://nsearchives.nseindia.com/30d/BANKBARODA-EQ.svg,https://nsearchives.nseindia.com/today/BANKBARODAEQN.svg,
HINDALCO,,EQ,582.75,583,577.45,580.75,584.5,-3.75,-0.64,2086319,1210732642.08,31-DEC-2999,772.65,496.35,24.83660130718954,-17.004130150095694,1.19,08-Jan-2024,https://nsearchives.nseindia.com/365d/HINDALCO-EQ.svg,06-Dec-2024,-12.78,https://nsearchives.nseindia.com/30d/HINDALCO-EQ.svg,https://nsearchives.nseindia.com/today/HINDALCOEQN.svg,
JIOFIN,,EQ,300.5,300.85,296.25,297.15,299.15,-2.0,-0.67,5734320,1711350460.8,31-DEC-2999,394.7,237.1,24.714973397517106,-25.326866301138754,23.41,08-Jan-2024,https://nsearchives.nseindia.com/365d/JIOFIN-EQ.svg,06-Dec-2024,-11.73,https://nsearchives.nseindia.com/30d/JIOFIN-EQ.svg,https://nsearchives.nseindia.com/today/JIOFINEQN.svg,
CUMMINSIND,,EQ,3215,3215,3121.85,3142.4,3164.5,-22.1,-0.7,244925,772314654.75,31-DEC-2999,4171.9,1948,24.677005680864827,-61.314168377823414,57.89,08-Jan-2024,https://nsearchives.nseindia.com/365d/CUMMINSIND-EQ.svg,06-Dec-2024,-8.67,https://nsearchives.nseindia.com/30d/CUMMINSIND-EQ.svg,https://nsearchives.nseindia.com/today/CUMMINSINDEQN.svg,
AXISBANK,,EQ,1063.75,1082.35,1059.1,1059.95,1067.5,-7.55,-0.71,4774819,5116218558.5,31-DEC-2999,1339.65,995.7,20.878587690814765,-6.452746811288541,-4.86,08-Jan-2024,https://nsearchives.nseindia.com/365d/AXISBANK-EQ.svg,06-Dec-2024,-9.88,https://nsearchives.nseindia.com/30d/AXISBANK-EQ.svg,https://nsearchives.nseindia.com/today/AXISBANKEQN.svg,
BAJFINANCE,,EQ,7361.85,7380,7256.7,7300.45,7353.95,-53.5,-0.73,480895,3512168543.0,31-DEC-2999,7830,6187.8,6.763090676883782,-17.98135039917256,-4.94,08-Jan-2024,https://nsearchives.nseindia.com/365d/BAJFINANCE-EQ.svg,06-Dec-2024,7.35,https://nsearchives.nseindia.com/30d/BAJFINANCE-EQ.svg,https://nsearchives.nseindia.com/today/BAJFINANCEEQN.svg,
TATACHEM,,EQ,1014.2,1016.95,999.7,1004.65,1012.2,-7.55,-0.75,442997,444662668.72,31-DEC-2999,1349,933,25.526315789473685,-7.67952840300107,-7.9,08-Jan-2024,https://nsearchives.nseindia.com/365d/TATACHEM-EQ.svg,06-Dec-2024,-9.58,https://nsearchives.nseindia.com/30d/TATACHEM-EQ.svg,https://nsearchives.nseindia.com/today/TATACHEMEQN.svg,
BANKINDIA,,EQ,100.21,101,98.52,99.45,100.21,-0.76,-0.76,5415262,538277042.8,31-DEC-2999,157.95,96,37.03703703703703,-3.593750000000003,-15.33,08-Jan-2024,https://nsearchives.nseindia.com/365d/BANKINDIA-EQ.svg,06-Dec-2024,-14.94,https://nsearchives.nseindia.com/30d/BANKINDIA-EQ.svg,https://nsearchives.nseindia.com/today/BANKINDIAEQN.svg,
INDUSTOWER,,EQ,329.8,331.2,325.35,325.65,328.15,-2.5,-0.76,3311726,1085881838.14,31-DEC-2999,460.35,206,29.260345389377655,-58.082524271844655,53.99,08-Jan-2024,https://nsearchives.nseindia.com/365d/INDUSTOWER-EQ.svg,06-Dec-2024,-10.01,https://nsearchives.nseindia.com/30d/INDUSTOWER-EQ.svg,https://nsearchives.nseindia.com/today/INDUSTOWEREQN.svg,
TATASTEEL,,EQ,133.93,134.24,131.95,132.3,133.38,-1.08,-0.81,17352699,2302356103.32,31-DEC-2999,184.6,128.2,28.331527627302265,-3.1981279251170225,1.05,08-Jan-2024,https://nsearchives.nseindia.com/365d/TATASTEEL-EQ.svg,06-Dec-2024,-10.05,https://nsearchives.nseindia.com/30d/TATASTEEL-EQ.svg,https://nsearchives.nseindia.com/today/TATASTEELEQN.svg,
SBILIFE,,EQ,1478.7,1484.65,1457.85,1465.55,1477.75,-12.2,-0.83,841386,1235979206.28,31-DEC-2999,1936,1307.7,24.30010330578513,-12.070811348168533,3.99,08-Jan-2024,https://nsearchives.nseindia.com/365d/SBILIFE-EQ.svg,06-Dec-2024,2.02,https://nsearchives.nseindia.com/30d/SBILIFE-EQ.svg,https://nsearchives.nseindia.com/today/SBILIFEEQN.svg,
JINDALSTEL,,EQ,937,946.75,931.55,933.5,941.45,-7.95,-0.84,952586,894125797.18,31-DEC-2999,1097,687.8,14.904284412032817,-35.72259377726084,31.28,08-Jan-2024,https://nsearchives.nseindia.com/365d/JINDALSTEL-EQ.svg,06-Dec-2024,-0.81,https://nsearchives.nseindia.com/30d/JINDALSTEL-EQ.svg,https://nsearchives.nseindia.com/today/JINDALSTELEQN.svg,
LICI,,EQ,877,878.85,867.5,869,876.4,-7.4,-0.84,487338,424456777.86,31-DEC-2999,1222,819.3,28.887070376432078,-6.066154033931411,6.38,08-Jan-2024,https://nsearchives.nseindia.com/365d/LICI-EQ.svg,06-Dec-2024,-10.87,https://nsearchives.nseindia.com/30d/LICI-EQ.svg,https://nsearchives.nseindia.com/today/LICIEQN.svg,
ATGL,,EQ,704.95,707.7,693.05,697,703.3,-6.3,-0.9,284236,198749180.64,31-DEC-2999,1190,545.75,41.42857142857143,-27.7141548327989,-34.16,08-Jan-2024,https://nsearchives.nseindia.com/365d/ATGL-EQ.svg,06-Dec-2024,-3.8,https://nsearchives.nseindia.com/30d/ATGL-EQ.svg,https://nsearchives.nseindia.com/today/ATGLEQN.svg,
METROPOLIS,,EQ,2035.5,2057.9,2007.5,2016.5,2035.1,-18.6,-0.91,98664,200830572.0,31-DEC-2999,2318.3,1450,13.018159858517024,-39.06896551724138,22.6,08-Jan-2024,https://nsearchives.nseindia.com/365d/METROPOLIS-EQ.svg,06-Dec-2024,-4.7,https://nsearchives.nseindia.com/30d/METROPOLIS-EQ.svg,https://nsearchives.nseindia.com/today/METROPOLISEQN.svg,
INFY,,EQ,1930,1930,1888.75,1913.15,1930.85,-17.7,-0.92,3286875,6270700125.0,29-OCT-2024,2006.45,1358.35,4.650003737945125,-40.84367062980824,26.8,08-Jan-2024,https://nsearchives.nseindia.com/365d/INFY-EQ.svg,06-Dec-2024,0.44,https://nsearchives.nseindia.com/30d/INFY-EQ.svg,https://nsearchives.nseindia.com/today/INFYEQN.svg,
SYNGENE,,EQ,881.7,882,868.3,869.7,877.8,-8.1,-0.92,182049,159068954.73,31-DEC-2999,960.6,607.65,9.462835727670203,-43.12515428289313,22.95,08-Jan-2024,https://nsearchives.nseindia.com/365d/SYNGENE-EQ.svg,06-Dec-2024,-4.56,https://nsearchives.nseindia.com/30d/SYNGENE-EQ.svg,https://nsearchives.nseindia.com/today/SYNGENEEQN.svg,
INDIANB,,EQ,510.1,512.6,503.55,506.6,511.35,-4.75,-0.93,598647,303933081.9,31-DEC-2999,632.7,418.2,19.93045677256204,-21.13821138211383,19.92,08-Jan-2024,https://nsearchives.nseindia.com/365d/INDIANB-EQ.svg,06-Dec-2024,-13.97,https://nsearchives.nseindia.com/30d/INDIANB-EQ.svg,https://nsearchives.nseindia.com/today/INDIANBEQN.svg,
DELHIVERY,,EQ,338.85,338.85,333.3,334,337.15,-3.15,-0.93,651888,218617159.68,31-DEC-2999,488,325.5,31.557377049180328,-2.61136712749616,-16.16,08-Jan-2024,https://nsearchives.nseindia.com/365d/DELHIVERY-EQ.svg,06-Dec-2024,-4.49,https://nsearchives.nseindia.com/30d/DELHIVERY-EQ.svg,https://nsearchives.nseindia.com/today/DELHIVERYEQN.svg,
CHOLAFIN,,EQ,1268,1275.15,1253.2,1264,1276,-12.0,-0.94,829302,1049033857.92,31-DEC-2999,1652,1011.2,23.486682808716708,-24.999999999999996,3.64,08-Jan-2024,https://nsearchives.nseindia.com/365d/CHOLAFIN-EQ.svg,06-Dec-2024,0.07,https://nsearchives.nseindia.com/30d/CHOLAFIN-EQ.svg,https://nsearchives.nseindia.com/today/CHOLAFINEQN.svg,
ICICIPRULI,,EQ,661,666.85,652.45,656.4,662.7,-6.3,-0.95,284500,187420065.0,31-DEC-2999,796.8,463.45,17.62048192771084,-41.633401661452154,22.28,08-Jan-2024,https://nsearchives.nseindia.com/365d/ICICIPRULI-EQ.svg,06-Dec-2024,-1.8,https://nsearchives.nseindia.com/30d/ICICIPRULI-EQ.svg,https://nsearchives.nseindia.com/today/ICICIPRULIEQN.svg,
HINDCOPPER,,EQ,237.63,237.63,234.3,235.82,238.13,-2.31,-0.97,1352810,318979069.9,31-DEC-2999,415.8,231,43.28523328523328,-2.0865800865800836,-11.1,08-Jan-2024,https://nsearchives.nseindia.com/365d/HINDCOPPER-EQ.svg,06-Dec-2024,-17.26,https://nsearchives.nseindia.com/30d/HINDCOPPER-EQ.svg,https://nsearchives.nseindia.com/today/HINDCOPPEREQN.svg,
TATAMOTORS,,EQ,792.6,793.95,781.65,785.5,793.25,-7.75,-0.98,6982591,5500256756.61,31-DEC-2999,1179,717.7,33.37574215436811,-9.44684408527239,0.53,08-Jan-2024,https://nsearchives.nseindia.com/365d/TATAMOTORS-EQ.svg,06-Dec-2024,-2.88,https://nsearchives.nseindia.com/30d/TATAMOTORS-EQ.svg,https://nsearchives.nseindia.com/today/TATAMOTORSEQN.svg,
SUNPHARMA,,EQ,1862.6,1862.6,1833.85,1835.1,1853.4,-18.3,-0.99,753691,1392142646.1,31-DEC-2999,1960.35,1290,6.389165200091821,-42.255813953488364,41.99,08-Jan-2024,https://nsearchives.nseindia.com/365d/SUNPHARMA-EQ.svg,06-Dec-2024,2.69,https://nsearchives.nseindia.com/30d/SUNPHARMA-EQ.svg,https://nsearchives.nseindia.com/today/SUNPHARMAEQN.svg,
HDFCAMC,,EQ,4079.65,4079.65,3992,4030.7,4071.7,-41.0,-1.01,401005,1615941878.65,31-DEC-2999,4864,3256,17.13199013157895,-23.79299754299754,21.54,08-Jan-2024,https://nsearchives.nseindia.com/365d/HDFCAMC-EQ.svg,06-Dec-2024,-6.7,https://nsearchives.nseindia.com/30d/HDFCAMC-EQ.svg,https://nsearchives.nseindia.com/today/HDFCAMCEQN.svg,
NAVINFLUOR,,EQ,3480,3518.2,3427.2,3443,3478.3,-35.3,-1.01,123640,430672739.2,07-NOV-2024,3847.7,2875.95,10.517971775346307,-19.71696309045707,-3.64,08-Jan-2024,https://nsearchives.nseindia.com/365d/NAVINFLUOR-EQ.svg,06-Dec-2024,-2.18,https://nsearchives.nseindia.com/30d/NAVINFLUOR-EQ.svg,https://nsearchives.nseindia.com/today/NAVINFLUOREQN.svg,
LAURUSLABS,,EQ,615.05,617.9,605.1,606.15,612.45,-6.3,-1.03,820418,501291806.36,06-NOV-2024,619.4,360.85,2.1391669357442686,-67.97838437023692,46.27,08-Jan-2024,https://nsearchives.nseindia.com/365d/LAURUSLABS-EQ.svg,06-Dec-2024,3.85,https://nsearchives.nseindia.com/30d/LAURUSLABS-EQ.svg,https://nsearchives.nseindia.com/today/LAURUSLABSEQN.svg,
HAVELLS,,EQ,1635.55,1646.4,1613.55,1618.75,1636.05,-17.3,-1.06,506591,821330922.39,31-DEC-2999,2106,1280,23.13627730294397,-26.46484375,18.93,08-Jan-2024,https://nsearchives.nseindia.com/365d/HAVELLS-EQ.svg,06-Dec-2024,-5.91,https://nsearchives.nseindia.com/30d/HAVELLS-EQ.svg,https://nsearchives.nseindia.com/today/HAVELLSEQN.svg,
ADANIENT,,EQ,2520.55,2525,2492.05,2493.75,2520.55,-26.8,-1.06,579026,1451629762.52,31-DEC-2999,3743.9,2025,33.391650418013306,-23.14814814814815,-14.95,08-Jan-2024,https://nsearchives.nseindia.com/365d/ADANIENT-EQ.svg,06-Dec-2024,0.56,https://nsearchives.nseindia.com/30d/ADANIENT-EQ.svg,https://nsearchives.nseindia.com/today/ADANIENTEQN.svg,
ALKEM,,EQ,5555.95,5578.7,5475.75,5503.35,5562.8,-59.45,-1.07,78932,435201843.16,31-DEC-2999,6439.9,4407.05,14.542927685212494,-24.876050873032984,6.9,08-Jan-2024,https://nsearchives.nseindia.com/365d/ALKEM-EQ.svg,06-Dec-2024,1.04,https://nsearchives.nseindia.com/30d/ALKEM-EQ.svg,https://nsearchives.nseindia.com/today/ALKEMEQN.svg,
MARICO,,EQ,638.1,639.8,623.25,636.7,643.6,-6.9,-1.07,1105823,699576804.49,31-DEC-2999,719.85,486.3,11.551017573105506,-30.92741106312976,22.88,08-Jan-2024,https://nsearchives.nseindia.com/365d/MARICO-EQ.svg,06-Dec-2024,1.57,https://nsearchives.nseindia.com/30d/MARICO-EQ.svg,https://nsearchives.nseindia.com/today/MARICOEQN.svg,
WIPRO,,EQ,293,293.9,289.3,290.9,294.05,-3.15,-1.07,2915975,849015281.0,03-DEC-2024,320,208.5,9.093750000000007,-39.52038369304555,-34.71,08-Jan-2024,https://nsearchives.nseindia.com/365d/WIPRO-EQ.svg,06-Dec-2024,-1.11,https://nsearchives.nseindia.com/30d/WIPRO-EQ.svg,https://nsearchives.nseindia.com/today/WIPROEQN.svg,
CHAMBLFERT,,EQ,502.15,504.8,496.75,496.75,502.15,-5.4,-1.08,937983,470051420.79,19-NOV-2024,574.35,332.05,13.510925393923568,-49.600963710284596,32.69,08-Jan-2024,https://nsearchives.nseindia.com/365d/CHAMBLFERT-EQ.svg,06-Dec-2024,-7.46,https://nsearchives.nseindia.com/30d/CHAMBLFERT-EQ.svg,https://nsearchives.nseindia.com/today/CHAMBLFERTEQN.svg,
LT,,EQ,3662,3663.85,3596.15,3603.6,3643.3,-39.7,-1.09,1078276,3901418223.2,31-DEC-2999,3963.5,3175.05,9.080358269206512,-13.497425237397826,4.06,08-Jan-2024,https://nsearchives.nseindia.com/365d/LT-EQ.svg,06-Dec-2024,-5.78,https://nsearchives.nseindia.com/30d/LT-EQ.svg,https://nsearchives.nseindia.com/today/LTEQN.svg,
IEX,,EQ,173.05,173.9,170.11,171.73,173.73,-2.0,-1.15,2997228,516841996.32,31-DEC-2999,244.4,130.2,29.734042553191497,-31.897081413210447,7.97,08-Jan-2024,https://nsearchives.nseindia.com/365d/IEX-EQ.svg,06-Dec-2024,-6.07,https://nsearchives.nseindia.com/30d/IEX-EQ.svg,https://nsearchives.nseindia.com/today/IEXEQN.svg,
ABBOTINDIA,,EQ,30001.05,30200,29542.6,29609.3,29959.65,-350.35,-1.17,7276,217360895.68,31-DEC-2999,30668,23585,3.4521325159775684,-25.54292982828068,26.64,08-Jan-2024,https://nsearchives.nseindia.com/365d/ABBOTINDIA-EQ.svg,06-Dec-2024,3.18,https://nsearchives.nseindia.com/30d/ABBOTINDIA-EQ.svg,https://nsearchives.nseindia.com/today/ABBOTINDIAEQN.svg,
INDUSINDBK,,EQ,985.9,986,967.1,971.7,983.6,-11.9,-1.21,2204723,2150089964.06,31-DEC-2999,1694.5,926.45,42.65565063440543,-4.884235522694155,-39.55,08-Jan-2024,https://nsearchives.nseindia.com/365d/INDUSINDBK-EQ.svg,06-Dec-2024,-0.68,https://nsearchives.nseindia.com/30d/INDUSINDBK-EQ.svg,https://nsearchives.nseindia.com/today/INDUSINDBKEQN.svg,
PIDILITIND,,EQ,2930,2948.75,2878.2,2892,2927.6,-35.6,-1.22,198114,573748049.7,31-DEC-2999,3415,2488.1,15.314787701317716,-16.23327036694667,7.84,08-Jan-2024,https://nsearchives.nseindia.com/365d/PIDILITIND-EQ.svg,06-Dec-2024,-7.42,https://nsearchives.nseindia.com/30d/PIDILITIND-EQ.svg,https://nsearchives.nseindia.com/today/PIDILITINDEQN.svg,
CUB,,EQ,170.45,171.5,167.76,168.08,170.26,-2.18,-1.28,1765806,298562478.48,31-DEC-2999,187.9,125.4,10.548163916977112,-34.035087719298254,14.08,08-Jan-2024,https://nsearchives.nseindia.com/365d/CUB-EQ.svg,06-Dec-2024,-7.95,https://nsearchives.nseindia.com/30d/CUB-EQ.svg,https://nsearchives.nseindia.com/today/CUBEQN.svg,
DIVISLAB,,EQ,5930,5965.85,5822.2,5832.4,5907.95,-75.55,-1.28,145306,852614922.32,31-DEC-2999,6285.45,3350,7.207916696497469,-74.10149253731342,50.17,08-Jan-2024,https://nsearchives.nseindia.com/365d/DIVISLAB-EQ.svg,06-Dec-2024,-3.63,https://nsearchives.nseindia.com/30d/DIVISLAB-EQ.svg,https://nsearchives.nseindia.com/today/DIVISLABEQN.svg,
SBICARD,,EQ,732.45,733.4,718.15,723.5,732.95,-9.45,-1.29,408335,295814207.4,31-DEC-2999,817.4,647.95,11.48764374847076,-11.659850297090816,-4.52,08-Jan-2024,https://nsearchives.nseindia.com/365d/SBICARD-EQ.svg,06-Dec-2024,2.17,https://nsearchives.nseindia.com/30d/SBICARD-EQ.svg,https://nsearchives.nseindia.com/today/SBICARDEQN.svg,
GMRAIRPORT,,EQ,76.49,77.1,75,75.64,76.64,-1.0,-1.3,6646763,506882146.38,31-DEC-2999,103.75,70.65,27.093975903614457,-7.062986553432405,-,-,-,-,-,-,https://nsearchives.nseindia.com/today/GMRAIRPORTEQN.svg,
IDFCFIRSTB,,EQ,62.6,62.75,61.54,61.63,62.44,-0.81,-1.3,13716471,849872543.16,31-DEC-2999,89.65,59.3,31.25488008923592,-3.9291736930860126,-26.93,08-Jan-2024,https://nsearchives.nseindia.com/365d/IDFCFIRSTB-EQ.svg,06-Dec-2024,-5.25,https://nsearchives.nseindia.com/30d/IDFCFIRSTB-EQ.svg,https://nsearchives.nseindia.com/today/IDFCFIRSTBEQN.svg,
LICHSGFIN,,EQ,587.9,590.1,576.3,577.4,585.15,-7.75,-1.32,1229489,717087164.36,31-DEC-2999,826.75,544.8,30.160266102207444,-5.983847283406759,4.16,08-Jan-2024,https://nsearchives.nseindia.com/365d/LICHSGFIN-EQ.svg,06-Dec-2024,-8.75,https://nsearchives.nseindia.com/30d/LICHSGFIN-EQ.svg,https://nsearchives.nseindia.com/today/LICHSGFINEQN.svg,
ASHOKLEY,,EQ,224.46,224.8,221.1,221.55,224.52,-2.97,-1.32,3751956,834209897.04,19-NOV-2024,264.65,157.55,16.285660306064603,-40.62202475404633,26.03,08-Jan-2024,https://nsearchives.nseindia.com/365d/ASHOKLEY-EQ.svg,06-Dec-2024,-3.3,https://nsearchives.nseindia.com/30d/ASHOKLEY-EQ.svg,https://nsearchives.nseindia.com/today/ASHOKLEYEQN.svg,
GRASIM,,EQ,2468.85,2476.35,2433.15,2434.55,2467.25,-32.7,-1.33,214661,525599605.11,31-DEC-2999,2877.75,2016.55,15.400920858309439,-20.72847189506832,19.32,08-Jan-2024,https://nsearchives.nseindia.com/365d/GRASIM-EQ.svg,06-Dec-2024,-8.68,https://nsearchives.nseindia.com/30d/GRASIM-EQ.svg,https://nsearchives.nseindia.com/today/GRASIMEQN.svg,
HEROMOTOCO,,EQ,4197,4197,4104,4106.25,4162.05,-55.8,-1.34,257840,1066611884.8,31-DEC-2999,6246.25,3993.55,34.26055633380028,-2.8220505565223877,3.8,08-Jan-2024,https://nsearchives.nseindia.com/365d/HEROMOTOCO-EQ.svg,06-Dec-2024,-10.1,https://nsearchives.nseindia.com/30d/HEROMOTOCO-EQ.svg,https://nsearchives.nseindia.com/today/HEROMOTOCOEQN.svg,
HAL,,EQ,4171,4181.7,4100,4106.2,4163.4,-57.2,-1.37,462927,1913670778.95,31-DEC-2999,5674.75,2820,27.64086523635403,-45.609929078014176,38.98,08-Jan-2024,https://nsearchives.nseindia.com/365d/HAL-EQ.svg,06-Dec-2024,-8.69,https://nsearchives.nseindia.com/30d/HAL-EQ.svg,https://nsearchives.nseindia.com/today/HALEQN.svg,
M&M,,EQ,3135,3135,3063.45,3065.95,3108.85,-42.9,-1.38,1778716,5537285205.28,31-DEC-2999,3237.05,1575,5.2856767736056085,-94.66349206349204,92.36,08-Jan-2024,https://nsearchives.nseindia.com/365d/M&M-EQ.svg,06-Dec-2024,1.17,https://nsearchives.nseindia.com/30d/M&M-EQ.svg,https://nsearchives.nseindia.com/today/M&MEQN.svg,
MPHASIS,,EQ,2919,2920.45,2868.05,2885.55,2926.2,-40.65,-1.39,246522,712857806.52,31-DEC-2999,3237.95,2187,10.883429330286127,-31.941015089163244,13.43,08-Jan-2024,https://nsearchives.nseindia.com/365d/MPHASIS-EQ.svg,06-Dec-2024,-4.18,https://nsearchives.nseindia.com/30d/MPHASIS-EQ.svg,https://nsearchives.nseindia.com/today/MPHASISEQN.svg,
NATIONALUM,,EQ,204.98,205.44,202,202.98,205.87,-2.89,-1.4,4997589,1018408686.42,29-NOV-2024,262.99,121.85,22.818358112475767,-66.58186294624538,66.36,08-Jan-2024,https://nsearchives.nseindia.com/365d/NATIONALUM-EQ.svg,06-Dec-2024,-17.07,https://nsearchives.nseindia.com/30d/NATIONALUM-EQ.svg,https://nsearchives.nseindia.com/today/NATIONALUMEQN.svg,
IRCTC,,EQ,772.1,776,761.8,764.5,775.4,-10.9,-1.41,508445,389916301.6,14-NOV-2024,1138.9,761.8,32.873825621213456,-0.3544237332633297,-15.4,08-Jan-2024,https://nsearchives.nseindia.com/365d/IRCTC-EQ.svg,06-Dec-2024,-6.65,https://nsearchives.nseindia.com/30d/IRCTC-EQ.svg,https://nsearchives.nseindia.com/today/IRCTCEQN.svg,
NHPC,,EQ,79.29,79.69,77.86,78.03,79.19,-1.16,-1.46,8221295,646933703.55,31-DEC-2999,118.4,68.4,34.09628378378378,-14.078947368421044,12.25,08-Jan-2024,https://nsearchives.nseindia.com/365d/NHPC-EQ.svg,06-Dec-2024,-6.69,https://nsearchives.nseindia.com/30d/NHPC-EQ.svg,https://nsearchives.nseindia.com/today/NHPCEQN.svg,
VEDL,,EQ,448.25,449,441.1,441.7,448.25,-6.55,-1.46,3159121,1403249956.99,24-DEC-2024,526.95,249.5,16.17800550336845,-77.03406813627255,73.44,08-Jan-2024,https://nsearchives.nseindia.com/365d/VEDL-EQ.svg,06-Dec-2024,-10.6,https://nsearchives.nseindia.com/30d/VEDL-EQ.svg,https://nsearchives.nseindia.com/today/VEDLEQN.svg,
JKCEMENT,,EQ,4840,4842,4734.15,4750,4823.55,-73.55,-1.52,45695,217743072.3,31-DEC-2999,4895.5,3642,2.972117250536207,-30.42284459088413,20.38,08-Jan-2024,https://nsearchives.nseindia.com/365d/JKCEMENT-EQ.svg,06-Dec-2024,4.94,https://nsearchives.nseindia.com/30d/JKCEMENT-EQ.svg,https://nsearchives.nseindia.com/today/JKCEMENTEQN.svg,
EXIDEIND,,EQ,409.8,410.05,402.15,402.6,409.05,-6.45,-1.58,833494,337915137.48,31-DEC-2999,620.35,290.35,35.10115257515918,-38.660237644222484,26.43,08-Jan-2024,https://nsearchives.nseindia.com/365d/EXIDEIND-EQ.svg,06-Dec-2024,-11.59,https://nsearchives.nseindia.com/30d/EXIDEIND-EQ.svg,https://nsearchives.nseindia.com/today/EXIDEINDEQN.svg,
AUBANK,,EQ,567.9,569.8,556.55,558.95,567.9,-8.95,-1.58,1562642,879267400.56,31-DEC-2999,813.4,534.45,31.282271944922538,-4.5841519318926,-29.16,08-Jan-2024,https://nsearchives.nseindia.com/365d/AUBANK-EQ.svg,06-Dec-2024,-3.32,https://nsearchives.nseindia.com/30d/AUBANK-EQ.svg,https://nsearchives.nseindia.com/today/AUBANKEQN.svg,
COROMANDEL,,EQ,1938,1952.35,1914.65,1917.4,1948.45,-31.05,-1.59,89550,172374795.0,31-DEC-2999,1977.9,1024.6,3.0587997370948985,-87.13644349014251,62.32,08-Jan-2024,https://nsearchives.nseindia.com/365d/COROMANDEL-EQ.svg,06-Dec-2024,10.56,https://nsearchives.nseindia.com/30d/COROMANDEL-EQ.svg,https://nsearchives.nseindia.com/today/COROMANDELEQN.svg,
KEI,,EQ,4312.7,4328.5,4237.2,4244.1,4312.7,-68.6,-1.59,49861,212662151.1,31-DEC-2999,5039.7,2822.45,15.786653967498054,-50.36935995323214,30.12,08-Jan-2024,https://nsearchives.nseindia.com/365d/KEI-EQ.svg,06-Dec-2024,-4.17,https://nsearchives.nseindia.com/30d/KEI-EQ.svg,https://nsearchives.nseindia.com/today/KEIEQN.svg,
TVSMOTOR,,EQ,2381.1,2395,2346.15,2346.55,2384.5,-37.95,-1.59,400102,947881648.2,31-DEC-2999,2958,1873,20.671061528059496,-25.282968499733055,17.01,08-Jan-2024,https://nsearchives.nseindia.com/365d/TVSMOTOR-EQ.svg,06-Dec-2024,-5.44,https://nsearchives.nseindia.com/30d/TVSMOTOR-EQ.svg,https://nsearchives.nseindia.com/today/TVSMOTOREQN.svg,
DLF,,EQ,808,811.45,794.75,797.8,810.8,-13.0,-1.6,1586009,1269045101.35,31-DEC-2999,967.6,687.05,17.548573790822662,-16.11964194745652,6.78,08-Jan-2024,https://nsearchives.nseindia.com/365d/DLF-EQ.svg,06-Dec-2024,-5.37,https://nsearchives.nseindia.com/30d/DLF-EQ.svg,https://nsearchives.nseindia.com/today/DLFEQN.svg,
ULTRACEMCO,,EQ,11618.55,11629.95,11406.7,11430.5,11618.55,-188.05,-1.62,80046,921957821.1,31-DEC-2999,12145.35,9250,5.885791681590076,-23.572972972972973,16.95,08-Jan-2024,https://nsearchives.nseindia.com/365d/ULTRACEMCO-EQ.svg,06-Dec-2024,-1.94,https://nsearchives.nseindia.com/30d/ULTRACEMCO-EQ.svg,https://nsearchives.nseindia.com/today/ULTRACEMCOEQN.svg,
TATAPOWER,,EQ,379.5,380.45,372.05,372.6,378.75,-6.15,-1.62,5392920,2024070734.4,31-DEC-2999,494.85,335.3,24.704455895725978,-11.124366239188788,11.74,08-Jan-2024,https://nsearchives.nseindia.com/365d/TATAPOWER-EQ.svg,06-Dec-2024,-13.86,https://nsearchives.nseindia.com/30d/TATAPOWER-EQ.svg,https://nsearchives.nseindia.com/today/TATAPOWEREQN.svg,
PNB,,EQ,103.24,103.46,101.07,101.42,103.11,-1.69,-1.64,15033972,1536321598.68,31-DEC-2999,142.9,92.4,29.027291812456262,-9.761904761904756,8.54,08-Jan-2024,https://nsearchives.nseindia.com/365d/PNB-EQ.svg,06-Dec-2024,-6.35,https://nsearchives.nseindia.com/30d/PNB-EQ.svg,https://nsearchives.nseindia.com/today/PNBEQN.svg,
HDFCBANK,,EQ,1708.25,1711.65,1683.35,1685.15,1713.4,-28.25,-1.65,5917033,10025820715.2,31-DEC-2999,1880,1363.55,10.364361702127656,-23.58549374793738,3,08-Jan-2024,https://nsearchives.nseindia.com/365d/HDFCBANK-EQ.svg,06-Dec-2024,-7.68,https://nsearchives.nseindia.com/30d/HDFCBANK-EQ.svg,https://nsearchives.nseindia.com/today/HDFCBANKEQN.svg,
CANBK,,EQ,97.9,98.44,96.02,96.25,97.87,-1.62,-1.66,11573568,1122404624.64,31-DEC-2999,128.9,88.3,25.329712955779677,-9.003397508493775,-78.28,08-Jan-2024,https://nsearchives.nseindia.com/365d/CANBK-EQ.svg,06-Dec-2024,-10.47,https://nsearchives.nseindia.com/30d/CANBK-EQ.svg,https://nsearchives.nseindia.com/today/CANBKEQN.svg,
JSWSTEEL,,EQ,910,911.95,895.15,896.55,911.8,-15.25,-1.67,327840,295816588.8,31-DEC-2999,1063,761.75,15.658513640639702,-17.696094519199207,10.93,08-Jan-2024,https://nsearchives.nseindia.com/365d/JSWSTEEL-EQ.svg,06-Dec-2024,-9.17,https://nsearchives.nseindia.com/30d/JSWSTEEL-EQ.svg,https://nsearchives.nseindia.com/today/JSWSTEELEQN.svg,
GUJGASLTD,,EQ,506.05,510.2,498.9,499.4,507.9,-8.5,-1.67,327478,165140605.84,31-DEC-2999,689.95,442.5,27.617943329226765,-12.85875706214689,-0.1,08-Jan-2024,https://nsearchives.nseindia.com/365d/GUJGASLTD-EQ.svg,06-Dec-2024,-0.94,https://nsearchives.nseindia.com/30d/GUJGASLTD-EQ.svg,https://nsearchives.nseindia.com/today/GUJGASLTDEQN.svg,
ICICIGI,,EQ,1874.15,1885.95,1846.9,1851.8,1883.7,-31.9,-1.69,361960,674856322.0,28-OCT-2024,2301.9,1353.5,19.553412398453457,-36.81566309567787,34.97,08-Jan-2024,https://nsearchives.nseindia.com/365d/ICICIGI-EQ.svg,06-Dec-2024,-3.4,https://nsearchives.nseindia.com/30d/ICICIGI-EQ.svg,https://nsearchives.nseindia.com/today/ICICIGIEQN.svg,
NYKAA,,EQ,171.92,173,168.64,169.36,172.31,-2.95,-1.71,2178308,370704455.44,31-DEC-2999,229.8,139.8,26.30113141862489,-21.144492131616595,-2.59,08-Jan-2024,https://nsearchives.nseindia.com/365d/NYKAA-EQ.svg,06-Dec-2024,3.55,https://nsearchives.nseindia.com/30d/NYKAA-EQ.svg,https://nsearchives.nseindia.com/today/NYKAAEQN.svg,
MRF,,EQ,121998.9,121999.85,119106.05,119150.4,121222.15,-2071.75,-1.71,4818,577727006.34,19-NOV-2024,151445,116347.85,21.32430915513883,-2.408768189528202,-8.11,08-Jan-2024,https://nsearchives.nseindia.com/365d/MRF-EQ.svg,06-Dec-2024,-7.21,https://nsearchives.nseindia.com/30d/MRF-EQ.svg,https://nsearchives.nseindia.com/today/MRFEQN.svg,
RAMCOCEM,,EQ,955,963.5,929.4,940.2,956.8,-16.6,-1.73,179080,168077324.8,31-DEC-2999,1060,700,11.301886792452827,-34.31428571428572,-4.02,08-Jan-2024,https://nsearchives.nseindia.com/365d/RAMCOCEM-EQ.svg,06-Dec-2024,-5.55,https://nsearchives.nseindia.com/30d/RAMCOCEM-EQ.svg,https://nsearchives.nseindia.com/today/RAMCOCEMEQN.svg,
MOTHERSON,,EQ,153.01,154.09,150.6,150.63,153.3,-2.67,-1.74,5963781,908283846.3,31-DEC-2999,216.99,103.9,30.582054472556347,-44.9759384023099,45.03,08-Jan-2024,https://nsearchives.nseindia.com/365d/MOTHERSON-EQ.svg,06-Dec-2024,-10.03,https://nsearchives.nseindia.com/30d/MOTHERSON-EQ.svg,https://nsearchives.nseindia.com/today/MOTHERSONEQN.svg,
YESBANK,,EQ,19.02,19.08,18.67,18.69,19.02,-0.33,-1.74,53447345,1005879032.9,31-DEC-2999,32.85,18.67,43.10502283105023,-0.10712372790572883,-21.4,08-Jan-2024,https://nsearchives.nseindia.com/365d/YESBANK-EQ.svg,06-Dec-2024,-11.49,https://nsearchives.nseindia.com/30d/YESBANK-EQ.svg,https://nsearchives.nseindia.com/today/YESBANKEQN.svg,
BAJAJ-AUTO,,EQ,8776,8830.95,8651,8651,8810.3,-159.3,-1.81,226389,1975721705.79,31-DEC-2999,12774,6936.55,32.27649913887584,-24.716177350411943,26.15,08-Jan-2024,https://nsearchives.nseindia.com/365d/BAJAJ-AUTO-EQ.svg,06-Dec-2024,-3.18,https://nsearchives.nseindia.com/30d/BAJAJ-AUTO-EQ.svg,https://nsearchives.nseindia.com/today/BAJAJ-AUTOEQN.svg,
ATUL,,EQ,6910.35,6946,6795,6795,6920.35,-125.35,-1.81,12945,88836227.55,31-DEC-2999,8180,5174.85,16.931540342298288,-31.30815385953215,1.05,08-Jan-2024,https://nsearchives.nseindia.com/365d/ATUL-EQ.svg,06-Dec-2024,-5.98,https://nsearchives.nseindia.com/30d/ATUL-EQ.svg,https://nsearchives.nseindia.com/today/ATULEQN.svg,
MFSL,,EQ,1114.8,1114.95,1090.95,1091,1111.45,-20.45,-1.84,99076,109307578.52,31-DEC-2999,1306.45,854.25,16.49125492747522,-27.71436932982148,21.99,08-Jan-2024,https://nsearchives.nseindia.com/365d/MFSL-EQ.svg,06-Dec-2024,-4.3,https://nsearchives.nseindia.com/30d/MFSL-EQ.svg,https://nsearchives.nseindia.com/today/MFSLEQN.svg,
SAIL,,EQ,111.2,111.45,109.26,109.42,111.47,-2.05,-1.84,8475674,933002193.92,31-DEC-2999,175.35,107.5,37.5990875392073,-1.7860465116279085,-2.48,08-Jan-2024,https://nsearchives.nseindia.com/365d/SAIL-EQ.svg,06-Dec-2024,-10.03,https://nsearchives.nseindia.com/30d/SAIL-EQ.svg,https://nsearchives.nseindia.com/today/SAILEQN.svg,
NTPC,,EQ,330.5,330.5,322.4,322.5,328.6,-6.1,-1.86,4492382,1464741151.1,31-OCT-2024,448.45,296.55,28.085628275170027,-8.750632271117851,3.84,08-Jan-2024,https://nsearchives.nseindia.com/365d/NTPC-EQ.svg,06-Dec-2024,-11.07,https://nsearchives.nseindia.com/30d/NTPC-EQ.svg,https://nsearchives.nseindia.com/today/NTPCEQN.svg,
GRANULES,,EQ,619,619.7,600.75,604.6,616.1,-11.5,-1.87,512227,311290592.44,31-DEC-2999,721,389.35,16.14424410540915,-55.2844484397072,53.7,08-Jan-2024,https://nsearchives.nseindia.com/365d/GRANULES-EQ.svg,06-Dec-2024,7.03,https://nsearchives.nseindia.com/30d/GRANULES-EQ.svg,https://nsearchives.nseindia.com/today/GRANULESEQN.svg,
INDIGO,,EQ,4352.3,4352.3,4226.95,4244.3,4328.6,-84.3,-1.95,520991,2218035823.94,31-DEC-2999,5035,2847,15.704071499503472,-49.079733052335804,46.62,08-Jan-2024,https://nsearchives.nseindia.com/365d/INDIGO-EQ.svg,06-Dec-2024,-3.15,https://nsearchives.nseindia.com/30d/INDIGO-EQ.svg,https://nsearchives.nseindia.com/today/INDIGOEQN.svg,
JUBLFOOD,,EQ,759.2,759.2,738.85,744.3,759.25,-14.95,-1.97,1037029,773685855.74,31-DEC-2999,796.75,421.05,6.582993410731101,-76.77235482721765,42.09,08-Jan-2024,https://nsearchives.nseindia.com/365d/JUBLFOOD-EQ.svg,06-Dec-2024,9.32,https://nsearchives.nseindia.com/30d/JUBLFOOD-EQ.svg,https://nsearchives.nseindia.com/today/JUBLFOODEQN.svg,
PRESTIGE,,EQ,1577.55,1584.95,1545.1,1552,1583.45,-31.45,-1.99,232543,363415874.97,31-DEC-2999,2074.8,967.3,25.19760940813573,-60.44660394913678,19.12,08-Jan-2024,https://nsearchives.nseindia.com/365d/PRESTIGE-EQ.svg,06-Dec-2024,-8.9,https://nsearchives.nseindia.com/30d/PRESTIGE-EQ.svg,https://nsearchives.nseindia.com/today/PRESTIGEEQN.svg,
VBL,,EQ,621.5,626.35,603.45,605.85,618.2,-12.35,-2.0,2528943,1545083015.28,31-DEC-2999,681.12,478.56,11.050916138125437,-26.598545636910735,-51.3,08-Jan-2024,https://nsearchives.nseindia.com/365d/VBL-EQ.svg,06-Dec-2024,-4.01,https://nsearchives.nseindia.com/30d/VBL-EQ.svg,https://nsearchives.nseindia.com/today/VBLEQN.svg,
CANFINHOME,,EQ,716,716.45,692,700.4,714.8,-14.4,-2.01,407586,285852289.38,04-DEC-2024,951.75,680,26.409246125558187,-2.9999999999999964,-7.3,08-Jan-2024,https://nsearchives.nseindia.com/365d/CANFINHOME-EQ.svg,06-Dec-2024,-10.98,https://nsearchives.nseindia.com/30d/CANFINHOME-EQ.svg,https://nsearchives.nseindia.com/today/CANFINHOMEEQN.svg,
DEEPAKNTR,,EQ,2456.05,2456.05,2406.5,2410.25,2459.75,-49.5,-2.01,65402,158902007.24,31-DEC-2999,3169,2021,23.942884190596402,-19.26026719445819,1.18,08-Jan-2024,https://nsearchives.nseindia.com/365d/DEEPAKNTR-EQ.svg,06-Dec-2024,-8.96,https://nsearchives.nseindia.com/30d/DEEPAKNTR-EQ.svg,https://nsearchives.nseindia.com/today/DEEPAKNTREQN.svg,
ICICIBANK,,EQ,1280.55,1285,1252.35,1253.5,1279.25,-25.75,-2.01,3830375,4851093330.0,31-DEC-2999,1362.35,970.15,7.9898704444525945,-29.206823687058705,30.27,08-Jan-2024,https://nsearchives.nseindia.com/365d/ICICIBANK-EQ.svg,06-Dec-2024,-3.73,https://nsearchives.nseindia.com/30d/ICICIBANK-EQ.svg,https://nsearchives.nseindia.com/today/ICICIBANKEQN.svg,
ABB,,EQ,6699.95,6717.95,6567.45,6570.7,6706.2,-135.5,-2.02,93113,616773994.09,31-DEC-2999,9149.95,4340.3,28.18867862665917,-51.38815289265718,41.1,08-Jan-2024,https://nsearchives.nseindia.com/365d/ABB-EQ.svg,06-Dec-2024,-11.2,https://nsearchives.nseindia.com/30d/ABB-EQ.svg,https://nsearchives.nseindia.com/today/ABBEQN.svg,
MUTHOOTFIN,,EQ,2210,2216.35,2161.5,2164.5,2209.15,-44.65,-2.02,157797,344600244.54,31-DEC-2999,2275,1261.9,4.857142857142857,-71.52706236627306,48.35,08-Jan-2024,https://nsearchives.nseindia.com/365d/MUTHOOTFIN-EQ.svg,06-Dec-2024,13.2,https://nsearchives.nseindia.com/30d/MUTHOOTFIN-EQ.svg,https://nsearchives.nseindia.com/today/MUTHOOTFINEQN.svg,
TORNTPHARM,,EQ,3409.9,3417.05,3333.75,3335.05,3404.1,-69.05,-2.03,84724,285245374.24,31-DEC-2999,3590.7,2312,7.119781658172491,-44.24956747404845,46.44,08-Jan-2024,https://nsearchives.nseindia.com/365d/TORNTPHARM-EQ.svg,06-Dec-2024,2.15,https://nsearchives.nseindia.com/30d/TORNTPHARM-EQ.svg,https://nsearchives.nseindia.com/today/TORNTPHARMEQN.svg,
SONACOMS,,EQ,585.45,587.35,571.65,572.5,584.45,-11.95,-2.04,882522,508526826.84,31-DEC-2999,768.65,562.1,25.518766668834967,-1.8502045899306132,-8.41,08-Jan-2024,https://nsearchives.nseindia.com/365d/SONACOMS-EQ.svg,06-Dec-2024,-12.64,https://nsearchives.nseindia.com/30d/SONACOMS-EQ.svg,https://nsearchives.nseindia.com/today/SONACOMSEQN.svg,
UNIONBANK,,EQ,113,113.41,110.35,110.46,112.81,-2.35,-2.08,7891735,882217055.65,31-DEC-2999,172.5,106.68,35.96521739130435,-3.5433070866141607,-7.95,08-Jan-2024,https://nsearchives.nseindia.com/365d/UNIONBANK-EQ.svg,06-Dec-2024,-12.49,https://nsearchives.nseindia.com/30d/UNIONBANK-EQ.svg,https://nsearchives.nseindia.com/today/UNIONBANKEQN.svg,
SJVN,,EQ,104.24,104.94,101.78,102.05,104.24,-2.19,-2.1,4518836,465123789.48,31-DEC-2999,170.5,88.85,40.146627565982406,-14.856499718626903,10.37,08-Jan-2024,https://nsearchives.nseindia.com/365d/SJVN-EQ.svg,06-Dec-2024,-13.57,https://nsearchives.nseindia.com/30d/SJVN-EQ.svg,https://nsearchives.nseindia.com/today/SJVNEQN.svg,
IDEA,,EQ,8.08,8.1,7.87,7.89,8.06,-0.17,-2.11,172077771,1368018279.45,31-DEC-2999,19.18,6.61,58.86339937434828,-19.364599092284408,-53,08-Jan-2024,https://nsearchives.nseindia.com/365d/IDEA-EQ.svg,06-Dec-2024,-0.74,https://nsearchives.nseindia.com/30d/IDEA-EQ.svg,https://nsearchives.nseindia.com/today/IDEAEQN.svg,
ABCAPITAL,,EQ,180,180,175.72,176,179.83,-3.83,-2.13,1069340,189732996.2,31-DEC-2999,246.9,160.65,28.716079384366143,-9.554933084344846,2.53,08-Jan-2024,https://nsearchives.nseindia.com/365d/ABCAPITAL-EQ.svg,06-Dec-2024,-9.49,https://nsearchives.nseindia.com/30d/ABCAPITAL-EQ.svg,https://nsearchives.nseindia.com/today/ABCAPITALEQN.svg,
ESCORTS,,EQ,3335,3346.6,3264.25,3267,3337.95,-70.95,-2.13,39513,130418188.32,31-DEC-2999,4420,2648.4,26.085972850678733,-23.357498867240594,16.95,08-Jan-2024,https://nsearchives.nseindia.com/365d/ESCORTS-EQ.svg,06-Dec-2024,-5.3,https://nsearchives.nseindia.com/30d/ESCORTS-EQ.svg,https://nsearchives.nseindia.com/today/ESCORTSEQN.svg,
MANAPPURAM,,EQ,181.99,184.9,177.03,178.13,182.09,-3.96,-2.17,3866730,695199386.7,18-NOV-2024,230.4,138.35,22.686631944444446,-28.753162269606072,1.41,08-Jan-2024,https://nsearchives.nseindia.com/365d/MANAPPURAM-EQ.svg,06-Dec-2024,8.48,https://nsearchives.nseindia.com/30d/MANAPPURAM-EQ.svg,https://nsearchives.nseindia.com/today/MANAPPURAMEQN.svg,
TITAN,,EQ,3487.65,3514.5,3391.3,3428.15,3505.1,-76.95,-2.2,757833,2603080571.7,31-DEC-2999,3886.95,3055.65,11.803599223041195,-12.190532292638228,-5.42,08-Jan-2024,https://nsearchives.nseindia.com/365d/TITAN-EQ.svg,06-Dec-2024,1.01,https://nsearchives.nseindia.com/30d/TITAN-EQ.svg,https://nsearchives.nseindia.com/today/TITANEQN.svg,
TECHM,,EQ,1667.95,1669.65,1634,1634.15,1671.15,-37.0,-2.21,350225,576845090.75,31-OCT-2024,1807.7,1162.95,9.600597444266192,-40.51764908207576,35.98,08-Jan-2024,https://nsearchives.nseindia.com/365d/TECHM-EQ.svg,06-Dec-2024,-6.26,https://nsearchives.nseindia.com/30d/TECHM-EQ.svg,https://nsearchives.nseindia.com/today/TECHMEQN.svg,
PEL,,EQ,1060,1068.85,1034,1036.65,1060.2,-23.55,-2.22,364074,381975518.58,31-DEC-2999,1275,736.6,18.694117647058818,-40.73445560684225,14.47,08-Jan-2024,https://nsearchives.nseindia.com/365d/PEL-EQ.svg,06-Dec-2024,-14.47,https://nsearchives.nseindia.com/30d/PEL-EQ.svg,https://nsearchives.nseindia.com/today/PELEQN.svg,
ADANIGREEN,,EQ,1010,1011.55,981.3,982.95,1005.5,-22.55,-2.24,1110232,1103159822.16,31-DEC-2999,2174.1,870.25,54.788188215813435,-12.950301637460504,-40.15,08-Jan-2024,https://nsearchives.nseindia.com/365d/ADANIGREEN-EQ.svg,06-Dec-2024,-16.95,https://nsearchives.nseindia.com/30d/ADANIGREEN-EQ.svg,https://nsearchives.nseindia.com/today/ADANIGREENEQN.svg,
SBIN,,EQ,780.9,783.95,760.1,761.3,778.75,-17.45,-2.24,10439365,8005322656.6,31-DEC-2999,912,600.65,16.524122807017548,-26.74602513943228,24.2,08-Jan-2024,https://nsearchives.nseindia.com/365d/SBIN-EQ.svg,06-Dec-2024,-9.83,https://nsearchives.nseindia.com/30d/SBIN-EQ.svg,https://nsearchives.nseindia.com/today/SBINEQN.svg,
GLENMARK,,EQ,1657.7,1657.7,1602.8,1604.9,1642.05,-37.15,-2.26,272250,444404565.0,31-DEC-2999,1830.95,771,12.34604986482427,-108.15823605706876,87.94,08-Jan-2024,https://nsearchives.nseindia.com/365d/GLENMARK-EQ.svg,06-Dec-2024,7.46,https://nsearchives.nseindia.com/30d/GLENMARK-EQ.svg,https://nsearchives.nseindia.com/today/GLENMARKEQN.svg,
BEL,,EQ,287,287,280.3,280.5,287,-6.5,-2.26,7329161,2068728983.86,31-DEC-2999,340.5,171.75,17.621145374449338,-63.31877729257642,56.32,08-Jan-2024,https://nsearchives.nseindia.com/365d/BEL-EQ.svg,06-Dec-2024,-8.53,https://nsearchives.nseindia.com/30d/BEL-EQ.svg,https://nsearchives.nseindia.com/today/BELEQN.svg,
UPL,,EQ,541.15,543.4,531.7,532.05,544.45,-12.4,-2.28,897081,482521928.28,26-NOV-2024,600.96,430.58,11.466653354632601,-23.56588787217241,-2.93,08-Jan-2024,https://nsearchives.nseindia.com/365d/UPL-EQ.svg,06-Dec-2024,-3.23,https://nsearchives.nseindia.com/30d/UPL-EQ.svg,https://nsearchives.nseindia.com/today/UPLEQN.svg,
COFORGE,,EQ,9617.05,9617.05,9373,9395,9620.2,-225.2,-2.34,139035,1314132403.35,11-OCT-2024,10026.8,4287.25,6.301113017114127,-119.13814216572395,58.74,08-Jan-2024,https://nsearchives.nseindia.com/365d/COFORGE-EQ.svg,06-Dec-2024,8.07,https://nsearchives.nseindia.com/30d/COFORGE-EQ.svg,https://nsearchives.nseindia.com/today/COFORGEEQN.svg,
ZYDUSLIFE,,EQ,1008.95,1012.9,975.85,977.45,1000.85,-23.4,-2.34,985741,979382970.55,31-DEC-2999,1324.3,686,26.191195348485987,-42.48542274052479,40.83,08-Jan-2024,https://nsearchives.nseindia.com/365d/ZYDUSLIFE-EQ.svg,06-Dec-2024,0.58,https://nsearchives.nseindia.com/30d/ZYDUSLIFE-EQ.svg,https://nsearchives.nseindia.com/today/ZYDUSLIFEEQN.svg,
ADANIENSOL,,EQ,781.95,784.85,761.85,763.2,781.55,-18.35,-2.35,577151,444833361.74,31-DEC-2999,1348,588,43.38278931750741,-29.795918367346946,-31.65,08-Jan-2024,https://nsearchives.nseindia.com/365d/ADANIENSOL-EQ.svg,06-Dec-2024,-3.32,https://nsearchives.nseindia.com/30d/ADANIENSOL-EQ.svg,https://nsearchives.nseindia.com/today/ADANIENSOLEQN.svg,
CYIENT,,EQ,1825,1826.95,1787.1,1789,1833,-44.0,-2.4,131235,237068153.4,06-NOV-2024,2365,1651.5,24.355179704016912,-8.325764456554648,-18.18,08-Jan-2024,https://nsearchives.nseindia.com/365d/CYIENT-EQ.svg,06-Dec-2024,-8.28,https://nsearchives.nseindia.com/30d/CYIENT-EQ.svg,https://nsearchives.nseindia.com/today/CYIENTEQN.svg,
BATAINDIA,,EQ,1427.4,1432.1,1386.85,1389.7,1424.4,-34.7,-2.44,70070,98461663.3,31-DEC-2999,1633,1269,14.898958971218613,-9.51142631993696,-10.31,08-Jan-2024,https://nsearchives.nseindia.com/365d/BATAINDIA-EQ.svg,06-Dec-2024,-1.56,https://nsearchives.nseindia.com/30d/BATAINDIA-EQ.svg,https://nsearchives.nseindia.com/today/BATAINDIAEQN.svg,
ABFRL,,EQ,269.65,269.7,263.85,263.95,270.55,-6.6,-2.44,600736,159789768.64,31-DEC-2999,364.4,198.75,27.565861690450053,-32.80503144654087,17.22,08-Jan-2024,https://nsearchives.nseindia.com/365d/ABFRL-EQ.svg,06-Dec-2024,-11.93,https://nsearchives.nseindia.com/30d/ABFRL-EQ.svg,https://nsearchives.nseindia.com/today/ABFRLEQN.svg,
IRFC,,EQ,146.2,146.5,142,142.35,146,-3.65,-2.5,11080686,1591740543.9,12-NOV-2024,229,99.55,37.838427947598255,-42.99347061778001,46.07,08-Jan-2024,https://nsearchives.nseindia.com/365d/IRFC-EQ.svg,06-Dec-2024,-7.59,https://nsearchives.nseindia.com/30d/IRFC-EQ.svg,https://nsearchives.nseindia.com/today/IRFCEQN.svg,
ADANIPORTS,,EQ,1183.55,1183.55,1141.1,1144.25,1174,-29.75,-2.53,1558578,1796868990.42,31-DEC-2999,1621.4,995.65,29.42827186382139,-14.924923416863358,0.44,08-Jan-2024,https://nsearchives.nseindia.com/365d/ADANIPORTS-EQ.svg,06-Dec-2024,-6.76,https://nsearchives.nseindia.com/30d/ADANIPORTS-EQ.svg,https://nsearchives.nseindia.com/today/ADANIPORTSEQN.svg,
INDHOTEL,,EQ,857,857,828.75,830.4,852.15,-21.75,-2.55,1336267,1118241676.28,31-DEC-2999,894.9,450,7.20750921890714,-84.53333333333333,88.67,08-Jan-2024,https://nsearchives.nseindia.com/365d/INDHOTEL-EQ.svg,06-Dec-2024,3.08,https://nsearchives.nseindia.com/30d/INDHOTEL-EQ.svg,https://nsearchives.nseindia.com/today/INDHOTELEQN.svg,
BANDHANBNK,,EQ,154,154.56,150.84,151.01,154.98,-3.97,-2.56,5264910,802003740.3,31-DEC-2999,252,150.84,40.07539682539682,-0.11270220100768197,-33.51,08-Jan-2024,https://nsearchives.nseindia.com/365d/BANDHANBNK-EQ.svg,06-Dec-2024,-12.08,https://nsearchives.nseindia.com/30d/BANDHANBNK-EQ.svg,https://nsearchives.nseindia.com/today/BANDHANBNKEQN.svg,
IPCALAB,,EQ,1732.05,1749.3,1686.35,1691.45,1736.05,-44.6,-2.57,263354,449271389.84,27-NOV-2024,1755.9,1052,3.6704823737114896,-60.784220532319395,59.55,08-Jan-2024,https://nsearchives.nseindia.com/365d/IPCALAB-EQ.svg,06-Dec-2024,12.86,https://nsearchives.nseindia.com/30d/IPCALAB-EQ.svg,https://nsearchives.nseindia.com/today/IPCALABEQN.svg,
FEDERALBNK,,EQ,197.35,197.6,192.1,192.22,197.31,-5.09,-2.58,4888453,950901877.56,31-DEC-2999,217,139.4,11.419354838709678,-37.890961262553795,31.36,08-Jan-2024,https://nsearchives.nseindia.com/365d/FEDERALBNK-EQ.svg,06-Dec-2024,-7.54,https://nsearchives.nseindia.com/30d/FEDERALBNK-EQ.svg,https://nsearchives.nseindia.com/today/FEDERALBNKEQN.svg,
JSL,,EQ,667.7,669,651.3,651.65,669,-17.35,-2.59,347261,228615806.74,31-DEC-2999,848,513.5,23.154481132075475,-26.903602726387533,10.15,08-Jan-2024,https://nsearchives.nseindia.com/365d/JSL-EQ.svg,06-Dec-2024,-9.79,https://nsearchives.nseindia.com/30d/JSL-EQ.svg,https://nsearchives.nseindia.com/today/JSLEQN.svg,
AUROPHARMA,,EQ,1302.05,1307,1262.65,1263.6,1297.5,-33.9,-2.61,310436,397181131.48,31-DEC-2999,1592,958.5,20.62814070351759,-31.83098591549295,16.38,08-Jan-2024,https://nsearchives.nseindia.com/365d/AUROPHARMA-EQ.svg,06-Dec-2024,4.12,https://nsearchives.nseindia.com/30d/AUROPHARMA-EQ.svg,https://nsearchives.nseindia.com/today/AUROPHARMAEQN.svg,
HUDCO,,EQ,240.7,241.15,231.58,233.16,239.56,-6.4,-2.67,3701895,868094377.5,31-DEC-2999,353.7,122.7,34.07972858354538,-90.02444987775061,92.88,08-Jan-2024,https://nsearchives.nseindia.com/365d/HUDCO-EQ.svg,06-Dec-2024,-3.31,https://nsearchives.nseindia.com/30d/HUDCO-EQ.svg,https://nsearchives.nseindia.com/today/HUDCOEQN.svg,
ASTRAL,,EQ,1588.95,1588.95,1533,1536,1578.8,-42.8,-2.71,394957,611496124.82,14-NOV-2024,2454,1533,37.40831295843521,-0.19569471624266144,-12.68,08-Jan-2024,https://nsearchives.nseindia.com/365d/ASTRAL-EQ.svg,06-Dec-2024,-14.4,https://nsearchives.nseindia.com/30d/ASTRAL-EQ.svg,https://nsearchives.nseindia.com/today/ASTRALEQN.svg,
CAMS,,EQ,4899.9,4929.25,4702,4746.7,4878.8,-132.1,-2.71,245605,1173429464.55,08-NOV-2024,5367.5,2660.6,11.565905915230557,-78.40712621213261,76.49,08-Jan-2024,https://nsearchives.nseindia.com/365d/CAMS-EQ.svg,06-Dec-2024,-3.76,https://nsearchives.nseindia.com/30d/CAMS-EQ.svg,https://nsearchives.nseindia.com/today/CAMSEQN.svg,
CESC,,EQ,178.49,178.8,171.11,174.27,179.23,-4.96,-2.77,4033031,702150697.1,31-DEC-2999,212.49,109.75,17.986728787237045,-58.788154897494316,32.08,08-Jan-2024,https://nsearchives.nseindia.com/365d/CESC-EQ.svg,06-Dec-2024,-9.42,https://nsearchives.nseindia.com/30d/CESC-EQ.svg,https://nsearchives.nseindia.com/today/CESCEQN.svg,
BHEL,,EQ,224.82,225.67,217.78,218.57,224.82,-6.25,-2.78,5840192,1287587130.24,31-DEC-2999,335.35,192,34.823318920530795,-13.838541666666663,15.2,08-Jan-2024,https://nsearchives.nseindia.com/365d/BHEL-EQ.svg,06-Dec-2024,-9.73,https://nsearchives.nseindia.com/30d/BHEL-EQ.svg,https://nsearchives.nseindia.com/today/BHELEQN.svg,
NAUKRI,,EQ,8449,8469.95,8200,8202.95,8438.65,-235.7,-2.79,205135,1708116066.65,19-NOV-2024,9128.9,4862.2,10.143062143303125,-68.7086092715232,64.01,08-Jan-2024,https://nsearchives.nseindia.com/365d/NAUKRI-EQ.svg,06-Dec-2024,-0.53,https://nsearchives.nseindia.com/30d/NAUKRI-EQ.svg,https://nsearchives.nseindia.com/today/NAUKRIEQN.svg,
APOLLOHOSP,,EQ,7448.75,7460,7161,7224.95,7436.75,-211.8,-2.85,201545,1476609365.25,31-DEC-2999,7545.35,5640,4.246323894849152,-28.101950354609922,30.88,08-Jan-2024,https://nsearchives.nseindia.com/365d/APOLLOHOSP-EQ.svg,06-Dec-2024,2.81,https://nsearchives.nseindia.com/30d/APOLLOHOSP-EQ.svg,https://nsearchives.nseindia.com/today/APOLLOHOSPEQN.svg,
UNITDSPR,,EQ,1620,1630.9,1562.55,1579.55,1626.3,-46.75,-2.87,862039,1364340504.91,31-DEC-2999,1700,1054.7,7.085294117647061,-49.7629657722575,-,-,-,06-Dec-2024,7.23,https://nsearchives.nseindia.com/30d/UNITDSPR-EQ.svg,https://nsearchives.nseindia.com/today/UNITDSPREQN.svg,
HFCL,,EQ,109.05,109.38,105.8,105.97,109.15,-3.18,-2.91,6691278,718509431.64,31-DEC-2999,171,80.25,38.02923976608187,-32.04984423676012,18.9,08-Jan-2024,https://nsearchives.nseindia.com/365d/HFCL-EQ.svg,06-Dec-2024,-17.47,https://nsearchives.nseindia.com/30d/HFCL-EQ.svg,https://nsearchives.nseindia.com/today/HFCLEQN.svg,
ZOMATO,,EQ,251.7,252.75,244.35,245,252.45,-7.45,-2.95,34662537,8559913512.15,31-DEC-2999,304.7,121.6,19.593042336724643,-101.48026315789474,90.03,08-Jan-2024,https://nsearchives.nseindia.com/365d/ZOMATO-EQ.svg,06-Dec-2024,-16.67,https://nsearchives.nseindia.com/30d/ZOMATO-EQ.svg,https://nsearchives.nseindia.com/today/ZOMATOEQN.svg,
MCX,,EQ,6025.15,6025.55,5840.4,5845.6,6025.15,-179.55,-2.98,192234,1132615815.24,31-DEC-2999,7048.6,2917.85,17.067219022217177,-100.33929091625686,90.63,08-Jan-2024,https://nsearchives.nseindia.com/365d/MCX-EQ.svg,06-Dec-2024,-12.93,https://nsearchives.nseindia.com/30d/MCX-EQ.svg,https://nsearchives.nseindia.com/today/MCXEQN.svg,
BSOFT,,EQ,544.6,544.6,530.45,531.1,547.5,-16.4,-3.0,979939,525247304.0,31-OCT-2024,861.85,530.45,38.376747693914254,-0.12253746818738377,-22.92,08-Jan-2024,https://nsearchives.nseindia.com/365d/BSOFT-EQ.svg,06-Dec-2024,-9.97,https://nsearchives.nseindia.com/30d/BSOFT-EQ.svg,https://nsearchives.nseindia.com/today/BSOFTEQN.svg,
TATAELXSI,,EQ,6575,6591.85,6338,6344.5,6542.35,-197.85,-3.02,240463,1543907119.28,31-DEC-2999,9080,6286,30.126651982378856,-0.9306395163856188,-23.79,08-Jan-2024,https://nsearchives.nseindia.com/365d/TATAELXSI-EQ.svg,06-Dec-2024,-11.55,https://nsearchives.nseindia.com/30d/TATAELXSI-EQ.svg,https://nsearchives.nseindia.com/today/TATAELXSIEQN.svg,
RBLBANK,,EQ,166,166,159.72,160.97,166.02,-5.05,-3.04,5430832,876862134.72,31-DEC-2999,300.7,147.5,46.46824077153308,-9.132203389830508,-41.64,08-Jan-2024,https://nsearchives.nseindia.com/365d/RBLBANK-EQ.svg,06-Dec-2024,-4.95,https://nsearchives.nseindia.com/30d/RBLBANK-EQ.svg,https://nsearchives.nseindia.com/today/RBLBANKEQN.svg,
IRB,,EQ,58.3,58.47,56.5,56.55,58.37,-1.82,-3.12,7578965,435032591.0,08-NOV-2024,78.15,41.7,27.63915547024953,-35.6115107913669,38.48,08-Jan-2024,https://nsearchives.nseindia.com/365d/IRB-EQ.svg,06-Dec-2024,-1.07,https://nsearchives.nseindia.com/30d/IRB-EQ.svg,https://nsearchives.nseindia.com/today/IRBEQN.svg,
PAGEIND,,EQ,48667,48776.9,47111.05,47289.6,48813.65,-1524.05,-3.12,29683,1419961402.99,14-NOV-2024,49849.95,33070.05,5.136113476543104,-42.99827185020886,29.5,08-Jan-2024,https://nsearchives.nseindia.com/365d/PAGEIND-EQ.svg,06-Dec-2024,5.87,https://nsearchives.nseindia.com/30d/PAGEIND-EQ.svg,https://nsearchives.nseindia.com/today/PAGEINDEQN.svg,
BIOCON,,EQ,381,383.65,369.6,370.4,382.35,-11.95,-3.13,2328561,875003366.97,31-DEC-2999,395.8,244.55,6.417382516422444,-51.46186873849927,36.29,08-Jan-2024,https://nsearchives.nseindia.com/365d/BIOCON-EQ.svg,06-Dec-2024,0.61,https://nsearchives.nseindia.com/30d/BIOCON-EQ.svg,https://nsearchives.nseindia.com/today/BIOCONEQN.svg,
CDSL,,EQ,1760.4,1760.6,1698,1703.1,1758.75,-55.65,-3.16,1941514,3329133470.94,31-DEC-2999,1989.8,811,14.408483264649716,-109.99999999999999,-6.14,08-Jan-2024,https://nsearchives.nseindia.com/365d/CDSL-EQ.svg,06-Dec-2024,-6.64,https://nsearchives.nseindia.com/30d/CDSL-EQ.svg,https://nsearchives.nseindia.com/today/CDSLEQN.svg,
AARTIIND,,EQ,405.5,407.35,390.25,392.35,405.35,-13.0,-3.21,1748624,694745801.44,31-DEC-2999,769.25,390.25,48.99577510562236,-0.5381165919282569,-32.3,08-Jan-2024,https://nsearchives.nseindia.com/365d/AARTIIND-EQ.svg,06-Dec-2024,-10.24,https://nsearchives.nseindia.com/30d/AARTIIND-EQ.svg,https://nsearchives.nseindia.com/today/AARTIINDEQN.svg,
BHARATFORG,,EQ,1270.05,1271.95,1227.3,1228.75,1270.05,-41.3,-3.25,312281,390529250.17,31-DEC-2999,1804.5,1063,31.906345247991133,-15.592662276575728,1.11,08-Jan-2024,https://nsearchives.nseindia.com/365d/BHARATFORG-EQ.svg,06-Dec-2024,-6.25,https://nsearchives.nseindia.com/30d/BHARATFORG-EQ.svg,https://nsearchives.nseindia.com/today/BHARATFORGEQN.svg,
PFC,,EQ,446.3,447.9,430.2,431.65,446.3,-14.65,-3.28,4514033,1969924001.2,25-NOV-2024,580,351.7,25.577586206896555,-22.732442422519192,9.99,08-Jan-2024,https://nsearchives.nseindia.com/365d/PFC-EQ.svg,06-Dec-2024,-13.13,https://nsearchives.nseindia.com/30d/PFC-EQ.svg,https://nsearchives.nseindia.com/today/PFCEQN.svg,
PERSISTENT,,EQ,6330,6333.25,6092.1,6122.8,6334.3,-211.5,-3.34,232631,1433904915.66,31-DEC-2999,6788.9,1802.53,9.811604236326938,-239.67811908817055,-13.07,08-Jan-2024,https://nsearchives.nseindia.com/365d/PERSISTENT-EQ.svg,06-Dec-2024,2.59,https://nsearchives.nseindia.com/30d/PERSISTENT-EQ.svg,https://nsearchives.nseindia.com/today/PERSISTENTEQN.svg,
SHRIRAMFIN,,EQ,2970,2970,2840.85,2855.9,2958.4,-102.5,-3.46,507455,1461876364.0,31-DEC-2999,3652.25,2135.7,21.80436717092203,-33.72196469541604,34.7,08-Jan-2024,https://nsearchives.nseindia.com/365d/SHRIRAMFIN-EQ.svg,06-Dec-2024,-5.37,https://nsearchives.nseindia.com/30d/SHRIRAMFIN-EQ.svg,https://nsearchives.nseindia.com/today/SHRIRAMFINEQN.svg,
RECLTD,,EQ,516.5,517.8,497.55,497.55,515.45,-17.9,-3.47,3553536,1795459599.36,08-NOV-2024,654,408.3,23.92201834862385,-21.858927259368112,18.51,08-Jan-2024,https://nsearchives.nseindia.com/365d/RECLTD-EQ.svg,06-Dec-2024,-7.81,https://nsearchives.nseindia.com/30d/RECLTD-EQ.svg,https://nsearchives.nseindia.com/today/RECLTDEQN.svg,
LALPATHLAB,,EQ,3100.7,3111,2986.5,2990,3100.65,-110.65,-3.57,112766,342499661.16,05-NOV-2024,3653.95,1943.7,18.170746726145676,-53.83032360961054,23.73,08-Jan-2024,https://nsearchives.nseindia.com/365d/LALPATHLAB-EQ.svg,06-Dec-2024,1.06,https://nsearchives.nseindia.com/30d/LALPATHLAB-EQ.svg,https://nsearchives.nseindia.com/today/LALPATHLABEQN.svg,
KPITTECH,,EQ,1471.2,1473,1420,1420.3,1473.6,-53.3,-3.62,450408,647641663.2,31-DEC-2999,1928.7,1283.25,26.35972416653705,-10.67991428014806,-2.16,08-Jan-2024,https://nsearchives.nseindia.com/365d/KPITTECH-EQ.svg,06-Dec-2024,-0.51,https://nsearchives.nseindia.com/30d/KPITTECH-EQ.svg,https://nsearchives.nseindia.com/today/KPITTECHEQN.svg,
APOLLOTYRE,,EQ,498,498,479.4,480,498.1,-18.1,-3.63,694746,338438566.44,31-DEC-2999,584.9,429,17.93468969054539,-11.888111888111888,9.53,08-Jan-2024,https://nsearchives.nseindia.com/365d/APOLLOTYRE-EQ.svg,06-Dec-2024,-8.07,https://nsearchives.nseindia.com/30d/APOLLOTYRE-EQ.svg,https://nsearchives.nseindia.com/today/APOLLOTYREEQN.svg,
SIEMENS,,EQ,6474.05,6493.75,6234.6,6243.6,6482.15,-238.55,-3.68,337131,2127097702.71,31-DEC-2999,8129.9,3965,23.20200740476512,-57.46784363177807,61.43,08-Jan-2024,https://nsearchives.nseindia.com/365d/SIEMENS-EQ.svg,06-Dec-2024,-16.76,https://nsearchives.nseindia.com/30d/SIEMENS-EQ.svg,https://nsearchives.nseindia.com/today/SIEMENSEQN.svg,
VOLTAS,,EQ,1774.1,1779.5,1707.3,1713.2,1779.7,-66.5,-3.74,448092,774199914.84,31-DEC-2999,1944.9,985.2,11.913208905342179,-73.89362565976451,79.76,08-Jan-2024,https://nsearchives.nseindia.com/365d/VOLTAS-EQ.svg,06-Dec-2024,4.02,https://nsearchives.nseindia.com/30d/VOLTAS-EQ.svg,https://nsearchives.nseindia.com/today/VOLTASEQN.svg,
TRENT,,EQ,6869.55,6873.5,6590.35,6613.7,6874.3,-260.6,-3.79,789931,5282639864.57,31-DEC-2999,8345,2955,20.746554823247457,-123.81387478849408,125.79,08-Jan-2024,https://nsearchives.nseindia.com/365d/TRENT-EQ.svg,06-Dec-2024,-1.8,https://nsearchives.nseindia.com/30d/TRENT-EQ.svg,https://nsearchives.nseindia.com/today/TRENTEQN.svg,
OFSS,,EQ,12119,12119,11557.35,11661.55,12146.85,-485.3,-4.0,78639,922918313.46,31-DEC-2999,13220,4291,11.788577912254166,-171.76765322768583,179.13,08-Jan-2024,https://nsearchives.nseindia.com/365d/OFSS-EQ.svg,06-Dec-2024,-3.44,https://nsearchives.nseindia.com/30d/OFSS-EQ.svg,https://nsearchives.nseindia.com/today/OFSSEQN.svg,
APLAPOLLO,,EQ,1604,1604,1527,1528.75,1593.15,-64.4,-4.04,159681,248230501.74,31-DEC-2999,1728.95,1305,11.579282223314731,-17.1455938697318,5.21,08-Jan-2024,https://nsearchives.nseindia.com/365d/APLAPOLLO-EQ.svg,06-Dec-2024,1.09,https://nsearchives.nseindia.com/30d/APLAPOLLO-EQ.svg,https://nsearchives.nseindia.com/today/APLAPOLLOEQN.svg,
NCC,,EQ,273,274.9,260.35,260.65,272.9,-12.25,-4.49,1759400,467648520.0,31-DEC-2999,364.5,171.55,28.491083676268868,-51.938210434275696,56.43,08-Jan-2024,https://nsearchives.nseindia.com/365d/NCC-EQ.svg,06-Dec-2024,-13.12,https://nsearchives.nseindia.com/30d/NCC-EQ.svg,https://nsearchives.nseindia.com/today/NCCEQN.svg,
PVRINOX,,EQ,1216.6,1216.6,1166.5,1167,1222.7,-55.7,-4.56,666977,792095215.43,31-DEC-2999,1748,1153.65,33.23798627002288,-1.1571967234429774,-22.76,08-Jan-2024,https://nsearchives.nseindia.com/365d/PVRINOX-EQ.svg,06-Dec-2024,-21.01,https://nsearchives.nseindia.com/30d/PVRINOX-EQ.svg,https://nsearchives.nseindia.com/today/PVRINOXEQN.svg,
ANGELONE,,EQ,2784,2784.85,2633.05,2635,2761.45,-126.45,-4.58,1248353,3353300861.54,31-DEC-2999,3896,2025,32.36652977412731,-30.123456790123456,-27.44,08-Jan-2024,https://nsearchives.nseindia.com/365d/ANGELONE-EQ.svg,06-Dec-2024,-16.14,https://nsearchives.nseindia.com/30d/ANGELONE-EQ.svg,https://nsearchives.nseindia.com/today/ANGELONEEQN.svg,
LUPIN,,EQ,2362.7,2371.15,2248,2248,2357.65,-109.65,-4.65,737152,1695597030.4,31-DEC-2999,2402.9,1368.25,6.4463772941029625,-64.2974602594555,70.55,08-Jan-2024,https://nsearchives.nseindia.com/365d/LUPIN-EQ.svg,06-Dec-2024,10.5,https://nsearchives.nseindia.com/30d/LUPIN-EQ.svg,https://nsearchives.nseindia.com/today/LUPINEQN.svg,
POLICYBZR,,EQ,2080.1,2084.85,1968.45,1982,2079.55,-97.55,-4.69,706815,1422451051.2,31-DEC-2999,2246.9,800.25,11.789576750189152,-147.67260231177758,155.9,08-Jan-2024,https://nsearchives.nseindia.com/365d/POLICYBZR-EQ.svg,06-Dec-2024,-2.93,https://nsearchives.nseindia.com/30d/POLICYBZR-EQ.svg,https://nsearchives.nseindia.com/today/POLICYBZREQN.svg,
POLYCAB,,EQ,7150,7150,6826,6826,7162.85,-336.85,-4.7,181989,1262404916.19,31-DEC-2999,7605,3801,10.243261012491782,-79.58431991581163,34.03,08-Jan-2024,https://nsearchives.nseindia.com/365d/POLYCAB-EQ.svg,06-Dec-2024,-2.12,https://nsearchives.nseindia.com/30d/POLYCAB-EQ.svg,https://nsearchives.nseindia.com/today/POLYCABEQN.svg,
JSWENERGY,,EQ,590,591.95,567.05,567.45,595.65,-28.2,-4.73,2681094,1550315794.56,31-DEC-2999,804.9,417,29.500559075661563,-36.07913669064749,42.01,08-Jan-2024,https://nsearchives.nseindia.com/365d/JSWENERGY-EQ.svg,06-Dec-2024,-11.67,https://nsearchives.nseindia.com/30d/JSWENERGY-EQ.svg,https://nsearchives.nseindia.com/today/JSWENERGYEQN.svg,
CGPOWER,,EQ,719.7,721.95,678.25,683.2,718,-34.8,-4.85,1597174,1106362429.8,31-DEC-2999,874.7,414.3,21.893220532754086,-64.90465846005311,52.81,08-Jan-2024,https://nsearchives.nseindia.com/365d/CGPOWER-EQ.svg,06-Dec-2024,-8.24,https://nsearchives.nseindia.com/30d/CGPOWER-EQ.svg,https://nsearchives.nseindia.com/today/CGPOWEREQN.svg,
KALYANKJIL,,EQ,724.45,724.65,663.5,685.6,722.95,-37.35,-5.17,12447360,8517355027.2,31-DEC-2999,795.4,321.95,13.804375157153629,-112.9523217890977,94.16,08-Jan-2024,https://nsearchives.nseindia.com/365d/KALYANKJIL-EQ.svg,06-Dec-2024,-1.03,https://nsearchives.nseindia.com/30d/KALYANKJIL-EQ.svg,https://nsearchives.nseindia.com/today/KALYANKJILEQN.svg,
IGL,,EQ,429,429,407.85,408.2,430.75,-22.55,-5.24,2819124,1166468937.48,12-NOV-2024,570.35,306.1,28.42991145787675,-33.35511270826526,1.27,08-Jan-2024,https://nsearchives.nseindia.com/365d/IGL-EQ.svg,06-Dec-2024,12.17,https://nsearchives.nseindia.com/30d/IGL-EQ.svg,https://nsearchives.nseindia.com/today/IGLEQN.svg,
GODREJPROP,,EQ,2652,2657.5,2510.25,2510.25,2652.15,-141.9,-5.35,464337,1191516602.22,31-DEC-2999,3402.7,2097.05,26.227701531137036,-19.703869721751975,22.71,08-Jan-2024,https://nsearchives.nseindia.com/365d/GODREJPROP-EQ.svg,06-Dec-2024,-6.64,https://nsearchives.nseindia.com/30d/GODREJPROP-EQ.svg,https://nsearchives.nseindia.com/today/GODREJPROPEQN.svg,
PAYTM,,EQ,986,987.25,910.65,912.2,983.2,-71.0,-7.22,5865304,5493854297.68,31-DEC-2999,1062.95,310,14.182228703137493,-194.25806451612905,42.38,08-Jan-2024,https://nsearchives.nseindia.com/365d/PAYTM-EQ.svg,06-Dec-2024,0.71,https://nsearchives.nseindia.com/30d/PAYTM-EQ.svg,https://nsearchives.nseindia.com/today/PAYTMEQN.svg,
DIXON,,EQ,18445,18445,16976.05,17013.4,18451.85,-1438.45,-7.8,602964,10443221916.84,31-DEC-2999,19148.9,5782.85,11.152076620589172,-194.2044147781803,191.71,08-Jan-2024,https://nsearchives.nseindia.com/365d/DIXON-EQ.svg,06-Dec-2024,5.92,https://nsearchives.nseindia.com/30d/DIXON-EQ.svg,https://nsearchives.nseindia.com/today/DIXONEQN.svg,
